repository,title,issue_id,pr_id,completed_by,amount_paid,bug_bounty,account_number
Account-Manager,Add Success Toast,232,246,leelatanniru,2500,TRUE,c487afb017b9a52c5bd2e0ad889060056b85b64b0b8ee71327d004cfd36a4ac4
Website,Design 1-2-3 Bubbles,182,,kristykjlee,2500,FALSE,a2d73cf3b37a62276ade44a96860495510d0e7d7c468950d4e49ac8a62b3d31d
Account-Manager,When points are sent to friend the from sender account balance should get reduced,296,,webdeveloperswj,5000,TRUE,15e164325715c9552911caf7e3ea1759f4c2ccba5fd82864a4d811d67935c4f9
Account-Manager,No notification received when points sent or received,299,,webdeveloperswj,5000,TRUE,15e164325715c9552911caf7e3ea1759f4c2ccba5fd82864a4d811d67935c4f9
Account-Manager,Accounts Semantics & Side Menu Update,301,302,angle943,2500,TRUE,67077b2397f99fb6c63185af25cdf49d43736b22b7ea5dd68089a04cd4dbf8cf
Website,Homepage Update (1-2-3 Bubbles),184,186,buckyroberts,2500,FALSE,a37e2836805975f334108b55523634c995bd2a4db610062f404510617e83126f
Website,Add Basic Leaderboard Page,191,186,buckyroberts,2500,FALSE,a37e2836805975f334108b55523634c995bd2a4db610062f404510617e83126f
Website,Create Tasks and Help Pages,200,201,buckyroberts,2500,FALSE,a37e2836805975f334108b55523634c995bd2a4db610062f404510617e83126f
Account-Manager,Should say Friend's Account instead of My Account,306,,Niekon01,5000,TRUE,18c07b4227cb0993fa7a1db834834e42461a0d9f61b2b157dfbfee625bbf3de6
Account-Manager,"Create new account modal button should say ""Create"" instead of ""Add""",307,,Niekon01,5000,TRUE,18c07b4227cb0993fa7a1db834834e42461a0d9f61b2b157dfbfee625bbf3de6
Account-Manager,Closes #306 and fixed a wording issue,306,308,Niekon01,5000,TRUE,18c07b4227cb0993fa7a1db834834e42461a0d9f61b2b157dfbfee625bbf3de6
Website,[iPhone SE] Page moved horizontally,220,,webdeveloperswj,5000,FALSE,15e164325715c9552911caf7e3ea1759f4c2ccba5fd82864a4d811d67935c4f9
Account-Manager,Create Jest Tests for 'formatAddressFromNode',221,313,avgust13,5000,TRUE,e68952859eaf8d68f9ebb6f23e944ac00380a8a93c82b5363cb845ffe055a195
Account-Manager,Create Jest Tests for 'formatQueryParams',222,313,avgust13,5000,TRUE,e68952859eaf8d68f9ebb6f23e944ac00380a8a93c82b5363cb845ffe055a195
Account-Manager,Create Jest Tests for 'formatPath' and 'formatPathFromNode',223,313,avgust13,5000,TRUE,e68952859eaf8d68f9ebb6f23e944ac00380a8a93c82b5363cb845ffe055a195
Account-Manager,Create Jest Tests for 'parseAddressData',224,313,avgust13,5000,TRUE,e68952859eaf8d68f9ebb6f23e944ac00380a8a93c82b5363cb845ffe055a195
Account-Manager,Create Jest Tests for 'parseQueryParams',225,313,avgust13,5000,TRUE,e68952859eaf8d68f9ebb6f23e944ac00380a8a93c82b5363cb845ffe055a195
Account-Manager,Simple Text Update for Table Column Headers,269,313,avgust13,2500,TRUE,e68952859eaf8d68f9ebb6f23e944ac00380a8a93c82b5363cb845ffe055a195
Website,Leaderboard and Tasks Repository Filter URLs,204,226,thesanjeevsharma,10000,FALSE,644cdaf382c1f711fb05fb4328409a62713ecc7a3e83fa07427cc3539a8a23ac
Account-Manager,"Create new account modal button should say ""Create"" instead of ""Add""",307,314,angle943,5000,TRUE,67077b2397f99fb6c63185af25cdf49d43736b22b7ea5dd68089a04cd4dbf8cf
Account-Manager,Unable to switch to Bank of different network (different PV),309,319,avgust13,5000,TRUE,e68952859eaf8d68f9ebb6f23e944ac00380a8a93c82b5363cb845ffe055a195
Account-Manager,"[Desktop Windows] In user friend list , user should not get added with same nickname while editing nickname",318,325,avgust13,5000,TRUE,e68952859eaf8d68f9ebb6f23e944ac00380a8a93c82b5363cb845ffe055a195
Account-Manager,Connection Status Logic,276,334,avgust13,10000,TRUE,e68952859eaf8d68f9ebb6f23e944ac00380a8a93c82b5363cb845ffe055a195
Account-Manager,[Windows] When user try to add already existing bank then error message displayed should be modified,329,336,avgust13,500,TRUE,e68952859eaf8d68f9ebb6f23e944ac00380a8a93c82b5363cb845ffe055a195
Account-Manager,[Windows] Error message can be changed,344,345,avgust13,500,TRUE,e68952859eaf8d68f9ebb6f23e944ac00380a8a93c82b5363cb845ffe055a195
Account-Manager,[Windows] User should not be able to add himself as friend,337,350,avgust13,5000,TRUE,e68952859eaf8d68f9ebb6f23e944ac00380a8a93c82b5363cb845ffe055a195
Account-Manager,"[Desktop] While sending points, Point should not accept decimal values",339,352,tpikachu,5000,TRUE,6f48e7a4f0fded580734d9d07353af445d0924271102017245667a1d5dc89227
Account-Manager,No error message displayed when already present Validator is added,351,357,avgust13,2500,TRUE,e68952859eaf8d68f9ebb6f23e944ac00380a8a93c82b5363cb845ffe055a195
Account-Manager,Up/down arrows should work even after focusing on a disabled option,349,362,hawyar,2500,TRUE,0ead156c2d20480aa075ac8450feb158876010a6579c9a6594836e5740e05606
Account-Manager,Standardize all dates in tables,348,364,buckyroberts,5000,TRUE,a37e2836805975f334108b55523634c995bd2a4db610062f404510617e83126f
Account-Manager,"[Windows] When there is no unread notification, Mark all as read text is not needed",361,373,hawyar,2500,TRUE,0ead156c2d20480aa075ac8450feb158876010a6579c9a6594836e5740e05606
Account-Manager,Add copy button for My Signing Key,369,374,leelatanniru,2500,TRUE,c487afb017b9a52c5bd2e0ad889060056b85b64b0b8ee71327d004cfd36a4ac4
Account-Manager,Build a 32-bit app,366,376,tpikachu,5000,TRUE,6f48e7a4f0fded580734d9d07353af445d0924271102017245667a1d5dc89227
Account-Manager,Add Signing Keys Update for Banks & Validators,353,379,avgust13,50000,TRUE,e68952859eaf8d68f9ebb6f23e944ac00380a8a93c82b5363cb845ffe055a195
Account-Manager,Bank OVERVIEW UI update,354,379,avgust13,5000,TRUE,e68952859eaf8d68f9ebb6f23e944ac00380a8a93c82b5363cb845ffe055a195
Account-Manager,"Move Daily Rate"" to separate panel""",399,401,leelatanniru,5000,TRUE,c487afb017b9a52c5bd2e0ad889060056b85b64b0b8ee71327d004cfd36a4ac4
Account-Manager,"[Windows] When right clicked on any text under Validators, Banks, My Accounts and My Friend gives option for copy link",360,403,brian316,2500,TRUE,575a4da111c27e9f387faa143ae86901928e8a227b7ee5f4e30579914913cd93
Account-Manager,Error message can be improved when user enters invalid IP Address for bank account,395,405,brian316,1000,TRUE,575a4da111c27e9f387faa143ae86901928e8a227b7ee5f4e30579914913cd93
Website,"When there are more than one channel then only text should be: To apply, send us a message through any of the following channels: otherwise text should be: To apply, send us a message through the following channel:",255,264,thesanjeevsharma,500,FALSE,644cdaf382c1f711fb05fb4328409a62713ecc7a3e83fa07427cc3539a8a23ac
Website,Openings Page Update,273,278,thesanjeevsharma,10000,FALSE,644cdaf382c1f711fb05fb4328409a62713ecc7a3e83fa07427cc3539a8a23ac
Website,[All mobile devices] Page is not responsive it moves horizontally,301,306,GermaVinsmoke,2500,FALSE,8ff54e36f7fc534230faa1420c0116b2805abc4d8edb6a3661905ea0b4c875bd
Website,[All mobile devices] Section should be aligned inline with other section above it,305,307,GermaVinsmoke,1000,FALSE,8ff54e36f7fc534230faa1420c0116b2805abc4d8edb6a3661905ea0b4c875bd
Website,[All mobile devices] Page is not responsive,299,308,angle943,2500,FALSE,67077b2397f99fb6c63185af25cdf49d43736b22b7ea5dd68089a04cd4dbf8cf
Website,[All mobile devices] Page is not responsive,300,308,angle943,2500,FALSE,67077b2397f99fb6c63185af25cdf49d43736b22b7ea5dd68089a04cd4dbf8cf
Account-Manager,Success message coming should be aligned at center of icon aside to it,411,412,moki298,2500,TRUE,893c0079f86c4bb1f732b796694c818b790af460caf4682a28790592d2d30a1f
Website,[All mobile Devices] Page is not responsive,298,310,GermaVinsmoke,2500,FALSE,8ff54e36f7fc534230faa1420c0116b2805abc4d8edb6a3661905ea0b4c875bd
Website,Highlighted section should be less in height,206,290,dahelg,2500,FALSE,b04321cb6b514ae3afa86f457cb587a81e5a4122efbc88c1972a676278d440a2
Website,[iPhone 320Px] Text goes out of section,248,289,itsnikhil,1000,FALSE,e9c5acac0806aca6ba2c0ade74d93ec4f9a89d8743fa477c52ce9b7817dcad95
Website,Documentation CSS issue.,295,312,angle943,1000,FALSE,67077b2397f99fb6c63185af25cdf49d43736b22b7ea5dd68089a04cd4dbf8cf
Website,[iPhone SE] Page moved horizontally,220,266,lapstjup,5000,FALSE,f5f87358644304217252fb6908417cfdaf1cc981b74d41ac8ff3d8717cdad725
Website,Update social media buttons on the main marketing page,321,,kristykjlee,1000,FALSE,a2d73cf3b37a62276ade44a96860495510d0e7d7c468950d4e49ac8a62b3d31d
Website,FAQ page,320,,kristykjlee,2500,FALSE,a2d73cf3b37a62276ade44a96860495510d0e7d7c468950d4e49ac8a62b3d31d
Website,Updated Top Navigation,317,,kristykjlee,2500,FALSE,a2d73cf3b37a62276ade44a96860495510d0e7d7c468950d4e49ac8a62b3d31d
Website,Updated Footer,318,,kristykjlee,2500,FALSE,a2d73cf3b37a62276ade44a96860495510d0e7d7c468950d4e49ac8a62b3d31d
Website,Social Media page,319,,kristykjlee,2500,FALSE,a2d73cf3b37a62276ade44a96860495510d0e7d7c468950d4e49ac8a62b3d31d
Website,Add the functionality to use font-weight with our Inter Font,293,313,colfax23,10000,FALSE,3cdb51ef0b7da3db65f47c170ec1815f3409c9781d4d8ca6c976273a732c9218
Website,Update social media buttons on the main marketing page,321,323,aayushi14,1000,FALSE,100c627095785ab8a7ed04d548b53f4b0638c44b49c46aea6c003d7b06294881
Website,Updated Footer,318,325,thesanjeevsharma,2500,FALSE,644cdaf382c1f711fb05fb4328409a62713ecc7a3e83fa07427cc3539a8a23ac
Website,Update Account Manager Guide Pages,280,328,colfax23,1000,FALSE,3cdb51ef0b7da3db65f47c170ec1815f3409c9781d4d8ca6c976273a732c9218
Account-Manager,Add the functionality to use font-weight with our Inter Font,416,419,colfax23,7500,TRUE,3cdb51ef0b7da3db65f47c170ec1815f3409c9781d4d8ca6c976273a732c9218
Website,Landing Page Style Update,283,314,moki298,7500,FALSE,893c0079f86c4bb1f732b796694c818b790af460caf4682a28790592d2d30a1f
Website,FAQ page,320,338,brmendez,2500,FALSE,553a2068397d4838a5341a3233852c0cf6bd1a3262dc7dfba72bf3b95274be73
Website,Social Media page,319,339,colfax23,2500,FALSE,3cdb51ef0b7da3db65f47c170ec1815f3409c9781d4d8ca6c976273a732c9218
Website,Replace Footer icons with mdi-icons,335,340,thesanjeevsharma,1000,FALSE,644cdaf382c1f711fb05fb4328409a62713ecc7a3e83fa07427cc3539a8a23ac
Website,Replace Homepage Social Media Hero icons to use SVG Icons,336,344,aayushi14,500,FALSE,100c627095785ab8a7ed04d548b53f4b0638c44b49c46aea6c003d7b06294881
Website,Landing Page V2,333,,kristykjlee,2500,FALSE,a2d73cf3b37a62276ade44a96860495510d0e7d7c468950d4e49ac8a62b3d31d
Website,Updated Top Navigation,317,343,angle943,5000,FALSE,67077b2397f99fb6c63185af25cdf49d43736b22b7ea5dd68089a04cd4dbf8cf
Website,Landing Page V2,333,346,aayushi14,2500,FALSE,100c627095785ab8a7ed04d548b53f4b0638c44b49c46aea6c003d7b06294881
Website,Hello World in Different Languages for Marketing Site,322,350,angle943,500,FALSE,67077b2397f99fb6c63185af25cdf49d43736b22b7ea5dd68089a04cd4dbf8cf
Website,"Put ""Hello World"" in your OWN language!",351,354,dorlivniopen,500,FALSE,e9dd6c2837a03386ebad6dabc8a7d55ab88e3db37700214dd25ad487b5c916a3
Website,no more stickies on website,357,,kristykjlee,500,FALSE,a2d73cf3b37a62276ade44a96860495510d0e7d7c468950d4e49ac8a62b3d31d
Website,no more stickies on website,357,358,angle943,500,FALSE,67077b2397f99fb6c63185af25cdf49d43736b22b7ea5dd68089a04cd4dbf8cf
Website,Footer Update V2,330,359,angle943,500,FALSE,67077b2397f99fb6c63185af25cdf49d43736b22b7ea5dd68089a04cd4dbf8cf
Website,"Put ""Hello World"" in your OWN language!",351,361,aayushi14,500,FALSE,100c627095785ab8a7ed04d548b53f4b0638c44b49c46aea6c003d7b06294881
Website,"Put ""Hello World"" in your OWN language!",351,363,moki298,500,FALSE,893c0079f86c4bb1f732b796694c818b790af460caf4682a28790592d2d30a1f
Website,Add a Q&A on how to open up a pull request,353,367,aayushi14,1000,FALSE,100c627095785ab8a7ed04d548b53f4b0638c44b49c46aea6c003d7b06294881
Website,"When going to `/tasks`, make it automatically default to `/tasks/All`",349,365,aayushi14,2000,FALSE,100c627095785ab8a7ed04d548b53f4b0638c44b49c46aea6c003d7b06294881
Website,Make the Footer's background color go all the way to the bottom,369,370,itsnikhil,1000,FALSE,e9c5acac0806aca6ba2c0ade74d93ec4f9a89d8743fa477c52ce9b7817dcad95
Website,"Put ""Hello World"" in your OWN language!",351,351,itsnikhil,500,FALSE,e9c5acac0806aca6ba2c0ade74d93ec4f9a89d8743fa477c52ce9b7817dcad95
Website,"Put ""Hello World"" in your OWN language!",351,380,xmac11,500,FALSE,8ff92d181cb09f18ef2a1b03badb5bf4a8962f7e5bb55641d0358d99bf7d5655
Website,"Put ""Hello World"" in your OWN language!",351,381,rizqyep,500,FALSE,5d608c2154b21be60d810b68c151005b05cf7cb3bec936693f06f7cbf1dcc7c3
Website,"Put ""Hello World"" in your OWN language!",351,382,DucPhamTV,500,FALSE,ec5aa47719460ee5bcd16ab3cfe94c521d702eb9fc7d80f603762c23014f8ab8
Website,"Put ""Hello World"" in your OWN language!",351,379,shahraizali,500,FALSE,1d4efd5650e56f28cce68e69058f42b3ea53640639344fb8e1261b7bd4b68e8d
Account-Manager,While Editing nickname duplicate name should not be accepted,400,397,shahraizali,2500,TRUE,1d4efd5650e56f28cce68e69058f42b3ea53640639344fb8e1261b7bd4b68e8d
thenewboston-python,JSONDecodeError simplejson.decoder in raw_decode,64,,shahraizali,5000,TRUE,1d4efd5650e56f28cce68e69058f42b3ea53640639344fb8e1261b7bd4b68e8d
Website,[iPhone5/SE] Site moves horizontally,371,384,lapstjup,500,FALSE,f5f87358644304217252fb6908417cfdaf1cc981b74d41ac8ff3d8717cdad725
Website,Upgrade A couple of our dependency libraries,368,376,amarjeet987,2500,FALSE,f967bd5b2f846bc74cf7e7512fb0fab8ce7188a1e28cd9db2c6c77b42467ca10
Website,Head of Python Client Library Development,401,404,itsnikhil,2500,FALSE,e9c5acac0806aca6ba2c0ade74d93ec4f9a89d8743fa477c52ce9b7817dcad95
Website,Blockchain Cryptocurrency Researcher,400,405,itsnikhil,2500,FALSE,e9c5acac0806aca6ba2c0ade74d93ec4f9a89d8743fa477c52ce9b7817dcad95
Website,YouTube Educator,403,409,itsnikhil,2500,FALSE,e9c5acac0806aca6ba2c0ade74d93ec4f9a89d8743fa477c52ce9b7817dcad95
Website,Head of Guerrilla Marketing,410,414,itsnikhil,2500,FALSE,e9c5acac0806aca6ba2c0ade74d93ec4f9a89d8743fa477c52ce9b7817dcad95
Website,Senior DevOps Engineer,394,416,lapstjup,2500,FALSE,f5f87358644304217252fb6908417cfdaf1cc981b74d41ac8ff3d8717cdad725
Website,Opening Updates,387,418,itsnikhil,1000,FALSE,e9c5acac0806aca6ba2c0ade74d93ec4f9a89d8743fa477c52ce9b7817dcad95
Website,Remove a line in all of our job openings,395,419,itsnikhil,500,FALSE,e9c5acac0806aca6ba2c0ade74d93ec4f9a89d8743fa477c52ce9b7817dcad95
Website,Junior Python (Django) Developer,398,421,itsnikhil,2500,FALSE,e9c5acac0806aca6ba2c0ade74d93ec4f9a89d8743fa477c52ce9b7817dcad95
Website,Opening's starting content not in focus,417,422,lapstjup,500,FALSE,f5f87358644304217252fb6908417cfdaf1cc981b74d41ac8ff3d8717cdad725
Website,Cloud Security Engineer,390,425,aayushi14,2500,FALSE,100c627095785ab8a7ed04d548b53f4b0638c44b49c46aea6c003d7b06294881
Website,Vertical scrollbar appearing in left menu,423,436,angle943,500,FALSE,67077b2397f99fb6c63185af25cdf49d43736b22b7ea5dd68089a04cd4dbf8cf
Website,[Laptop Devices] Site is not responsive moves horizontally,366,435,Niekon01,1000,FALSE,18c07b4227cb0993fa7a1db834834e42461a0d9f61b2b157dfbfee625bbf3de6
Website,Overlapping of text on top of expanded navbar,437,439,angle943,500,FALSE,67077b2397f99fb6c63185af25cdf49d43736b22b7ea5dd68089a04cd4dbf8cf
Website,Update our README.md,420,424,thesanjeevsharma,5000,FALSE,644cdaf382c1f711fb05fb4328409a62713ecc7a3e83fa07427cc3539a8a23ac
Website,"Rename ""Points"" to ""Coins""",438,442,amarjeet987,7500,FALSE,f967bd5b2f846bc74cf7e7512fb0fab8ce7188a1e28cd9db2c6c77b42467ca10
Website,iPhone clicking on top of the iphone doesn't scroll the website up,402,443,lapstjup,2500,FALSE,f5f87358644304217252fb6908417cfdaf1cc981b74d41ac8ff3d8717cdad725
Website,Opening Left Menu Logic,388,444,thesanjeevsharma,10000,FALSE,644cdaf382c1f711fb05fb4328409a62713ecc7a3e83fa07427cc3539a8a23ac
Website,iPad homepage scrolling issue,355,443,lapstjup,2500,FALSE,f5f87358644304217252fb6908417cfdaf1cc981b74d41ac8ff3d8717cdad725
Website,"Put ""Hello World"" in your OWN language!",351,457,robMakasi,500,FALSE,0dbea1e0b614301795249c2d9b06195f49df847daab033fa9f8e33ca9e9aac87
Website,"Sign In, Sign Out, Profile Page",315,,kristykjlee,25000,FALSE,a2d73cf3b37a62276ade44a96860495510d0e7d7c468950d4e49ac8a62b3d31d
Website,Switch thenewboston & bitcoin block on landing page,441,,kristykjlee,500,FALSE,a2d73cf3b37a62276ade44a96860495510d0e7d7c468950d4e49ac8a62b3d31d
Website,Donations page,440,,kristykjlee,5000,FALSE,a2d73cf3b37a62276ade44a96860495510d0e7d7c468950d4e49ac8a62b3d31d
Website,Donations page,440,453,angle943,5000,FALSE,67077b2397f99fb6c63185af25cdf49d43736b22b7ea5dd68089a04cd4dbf8cf
Website,Switch thenewboston & bitcoin block on landing page,441,449,angle943,500,FALSE,67077b2397f99fb6c63185af25cdf49d43736b22b7ea5dd68089a04cd4dbf8cf
Account-Manager,Rename 'Points' to 'Coins',422,424,thesanjeevsharma,5000,TRUE,644cdaf382c1f711fb05fb4328409a62713ecc7a3e83fa07427cc3539a8a23ac
Website,Front-end Responsiveness/UX expert,448,450,aayushi14,2500,FALSE,100c627095785ab8a7ed04d548b53f4b0638c44b49c46aea6c003d7b06294881
Website,Python / Django Developer,411,452,aayushi14,2500,FALSE,100c627095785ab8a7ed04d548b53f4b0638c44b49c46aea6c003d7b06294881
Account-Manager,upgrade react-scripts,423,427,amarjeet987,2500,TRUE,f967bd5b2f846bc74cf7e7512fb0fab8ce7188a1e28cd9db2c6c77b42467ca10
Account-Manager,Zoom function in the window tab not doing anything.,415,428,Hristijan95,2500,TRUE,1002530d2ef3da6207c5a5070d427984a8508a715ce18afb07f394aa47d73751
Account-Manager,Update overall style guide/colors,55,59,Hristijan95,7500,TRUE,1002530d2ef3da6207c5a5070d427984a8508a715ce18afb07f394aa47d73751
Website,Make the command 'npm run lint' run for Windows/Linux users,455,458,moki298,7500,FALSE,893c0079f86c4bb1f732b796694c818b790af460caf4682a28790592d2d30a1f
Website,"Put ""Hello World"" in your OWN language!",351,466,Vangaorth,500,FALSE,f148a8a614c4d5d0b63d97b45a33901c9d9663825fc53b9e5912cdfd7bb4e570
Website,"Update ""Send Coin"" image",445,467,Niekon01,2500,FALSE,18c07b4227cb0993fa7a1db834834e42461a0d9f61b2b157dfbfee625bbf3de6
Website,"Put ""Hello World"" in your OWN language!",351,470,jagdisharma,500,FALSE,36846b3d4bfdfbeee3b66f6a5b8cc671b3b92e7c4dc5203b0ab941a953945cc1
Website,"Put ""Hello World"" in your OWN language!",351,473,ZokaSoce,500,FALSE,89b655215f48c82b320784817b1f407b39bf2170a4228e08e3b2e486faa6ea4a
Website,"Put ""Hello World"" in your OWN language!",351,474,fadyadal,500,FALSE,e4fc4a58dacf924b90f1068e021a6ed0e12a14c917bd4785fc7ca99c1051ac42
Website,"Put ""Hello World"" in your OWN language!",351,475,henctv,500,FALSE,12e463566602adc89c9a986c2691f14d50b7ae70ebe67ab3d5ffbc5b7e84a039
Website,"Put ""Hello World"" in your OWN language!",351,476,cubedtear,500,FALSE,2daf7c9e243d52a8f5798e481528232dc33f1da7c23ced6bb206073d162c0c73
Website,"Put ""Hello World"" in your OWN language!",351,477,Ramin-RX7,500,FALSE,508a84db71724851eba1996ec374743efa0deba62e42129ef930e60ae13c832a
Website,"Put ""Hello World"" in your OWN language!",351,478,AntonFredrikSvensson,500,FALSE,c636813810492c91fc4fd3d64b8effc2c3f3abc0e790e7d945cc4577e9e410d7
Website,"Put ""Hello World"" in your OWN language!",351,479,ganeshvicky,500,FALSE,f1730dba36195d5e40ddbc4421018feb1d70450c6a7e50167583d3f1f2e4f126
Website,"Put ""Hello World"" in your OWN language!",351,481,danielivert,500,FALSE,8c9d8b309b9004f5718f0a4b91856fdf4434c4e19f53dc3bc3946da375849d7f
Website,"Put ""Hello World"" in your OWN language!",351,483,VictorABoye,500,FALSE,e90ccee30b2922a1422142d8a6cfaa67774e1486b92fb978b4fd971197b0e9fd
Website,"Put ""Hello World"" in your OWN language!",351,484,hLudde,500,FALSE,49d44680c0bff895e1c8ed7d3f8ae85b299f2a484e2e6b836f7ea585fdc018f2
Website,"Put ""Hello World"" in your OWN language!",351,485,phase7,500,FALSE,c34813975c177780d233550841cd7b3d13766e0b474f374a3a36c67d12f5c167
Website,"Put ""Hello World"" in your OWN language!",351,486,JayBIOS,500,FALSE,eb388c838dd1bf865f49142982616994b3c08940b0a00ef60d3b6f2ccd388c28
Website,"Put ""Hello World"" in your OWN language!",351,490,VJKLFT,500,FALSE,2d393659c46601a64dcd02676cba40c6d145ad76694c1a21387d8b0164608a3c
Website,Static Teams Page,503,508,buckyroberts,500,FALSE,a37e2836805975f334108b55523634c995bd2a4db610062f404510617e83126f
Website,Task page margin,413,469,itsnikhil,1000,FALSE,e9c5acac0806aca6ba2c0ade74d93ec4f9a89d8743fa477c52ce9b7817dcad95
Website,"Put ""Hello World"" in your OWN language!",351,635,alexkimeu0,500,FALSE,3972dfcfb9fd488cf90644b599558d3e265bdb883686933f62e8450aaee974b1
Website,Docs need some language/grammatical fixes,619,624,sdhiaeddine,1000,FALSE,119329b4d39d5483775efa0495487d04099bfce3fc6755345b5cc43da0b3611b
Website,Team Page - Member Updates,627,639,jaelee0409,1000,FALSE,d640e137a05157e5faccb8af58566937e56923ffa568dfe1ff743c2df3ef2806
Website,"Put ""Hello World"" in your OWN language!",351,642,jamessspanggg,500,FALSE,c54c04774efaae20746fd3f29cdd619fea512e119bc1082b863572b2e8844104
Website,"Put ""Hello World"" in your OWN language!",351,649,rasabel,500,FALSE,4fd2c96c470a8020e6cac97b7ce5b0320e52c62364daf0768e331da5fc3a50ac
Website,"Put ""Hello World"" in your OWN language!",351,623,singh-sarabjeet,500,FALSE,c5778aee3cfd83c2088ae81c178c3d34931399f20c1492c33044d8cd85e21898
Website,add the floating button that takes us to the top of the page,399,600,manishram,1000,FALSE,0f92e975101eb96cea80dce430d74efd3172fa229377818d467ded85dcf2ab6c
Website,"Put ""Hello World"" in your OWN language!",351,597,vilihegyi,500,FALSE,
Website,Get Started / Community chevron icon disappears on toggle in Safari,446,504,mthomas-io,1000,FALSE,cd9e5d25a39baa7ef490d9521cf56a5c9bc7350c095ad7c7c60e75b8575f72bc
Website,"Put ""Hello World"" in your OWN language!",351,652,askass,500,FALSE,
thenewboston-python-client,Implemented some validator features,13,12,jtavak,10000,TRUE,55bce9177483a0e4b1afc6f431c1f6104d3b84c6e6444fd978c33e9c031807bf
thenewboston-python-client,Write and read signing key file,1,9,DucPhamTV,5000,TRUE,ec5aa47719460ee5bcd16ab3cfe94c521d702eb9fc7d80f603762c23014f8ab8
thenewboston-python-client,Write and read signing key file,2,9,DucPhamTV,5000,TRUE,ec5aa47719460ee5bcd16ab3cfe94c521d702eb9fc7d80f603762c23014f8ab8
thenewboston-python-client,Implement bank client,3,11,DucPhamTV,5000,TRUE,ec5aa47719460ee5bcd16ab3cfe94c521d702eb9fc7d80f603762c23014f8ab8
thenewboston-python-client,Implement bank client,4,11,DucPhamTV,5000,TRUE,ec5aa47719460ee5bcd16ab3cfe94c521d702eb9fc7d80f603762c23014f8ab8
thenewboston-python-client,Implement bank client,5,11,DucPhamTV,5000,TRUE,ec5aa47719460ee5bcd16ab3cfe94c521d702eb9fc7d80f603762c23014f8ab8
thenewboston-python-client,Implement bank client,6,11,DucPhamTV,5000,TRUE,ec5aa47719460ee5bcd16ab3cfe94c521d702eb9fc7d80f603762c23014f8ab8
thenewboston-python-client,Implement bank client,7,11,DucPhamTV,5000,TRUE,ec5aa47719460ee5bcd16ab3cfe94c521d702eb9fc7d80f603762c23014f8ab8
thenewboston-python-client,Implement bank client,8,11,DucPhamTV,5000,TRUE,ec5aa47719460ee5bcd16ab3cfe94c521d702eb9fc7d80f603762c23014f8ab8
Account-Manager,#435 - Fix Prefix Issue,435,445,whitelionx,1000,TRUE,fb84a32a698a03dd327c4ce673f19fa0acf6e68cb50f143d5d7c080471bc4625
Website,"Put ""Hello World"" in your OWN language!",351,554,avinashupadhya99,500,FALSE,94cf53921e9c5ddf48dc5589b7cdf111f7acdc93dc3073b94880416d4676b9ae
Website,Get Started/Community dropdown positioning not coherent in Safari,462,468,lapstjup,5000,FALSE,f5f87358644304217252fb6908417cfdaf1cc981b74d41ac8ff3d8717cdad725
Website,"Put ""Hello World"" in your OWN language!",351,480,alhuang2,500,FALSE,08b8b85b3a63615d295fd123ce7b7209b3650c550db6dccdf355ed6dbc048ec7
Website,Proofread the README file,643,646,whitelionx,500,FALSE,fb84a32a698a03dd327c4ce673f19fa0acf6e68cb50f143d5d7c080471bc4625
Website,Team Lead tag's text is misaligned,645,647,whitelionx,500,FALSE,fb84a32a698a03dd327c4ce673f19fa0acf6e68cb50f143d5d7c080471bc4625
Website,Linux download instructions update,517,489,velibor7,500,FALSE,514983fc77ebf39bedb82de179d2312497757e1a0e4276835844479dbfa80e5f
Website,Proofread the README file,643,650,Reeler,500,FALSE,aa4d2b47910a3583e5b8b14219e9462f3a063d65df90fdb587024bbfe3de055e
Website,"Put ""Hello World"" in your OWN language!",351,651,h3cksamrat,500,FALSE,c628d4ef5d1c3a93debdc6ede5bdebe5ec1c1e42e4f3af63129bb2efd184a42a
Website,"Put ""Hello World"" in your OWN language!",351,655,DenverCoder1,500,FALSE,c70c8cc52f35414d7e011ade3fc4539f10f33863a67eab9094cb6f79096ae6ea
Website,"Put ""Hello World"" in your OWN language!",351,379,shahraizali,500,FALSE,1d4efd5650e56f28cce68e69058f42b3ea53640639344fb8e1261b7bd4b68e8d
Website,[Job Opening] Marketing Analyst,673,683,itsnikhil,1000,FALSE,e9c5acac0806aca6ba2c0ade74d93ec4f9a89d8743fa477c52ce9b7817dcad95
Website,[FAQ] Hash Links does not snap correctly to the question title,659,661,whitelionx,1000,FALSE,fb84a32a698a03dd327c4ce673f19fa0acf6e68cb50f143d5d7c080471bc4625
Website,"Put ""Hello World"" in your OWN language!",351,678,virtualdesigner,500,FALSE,f92d9fd020060e415f2938babd3cb10ff4e754a7ac0ae3a82890fb969a7bd9cb
Website,"Put ""Hello World"" in your OWN language!",351,682,mprateek14,500,FALSE,252d1bc6282d17251d828efd9a628f9bbcd3c6bf1d49cebbc8c6af5b9a5d14f3
Website,"Put ""Hello World"" in your OWN language!",351,691,cebisom,500,FALSE,643464ab44ec231aea969a46e987e23d13d956f0652184ef95d6f6cdd1a01181
Website,"Put ""Hello World"" in your OWN language!",351,687,kagisojamesthomba,500,FALSE,d7dd7e21596add067bd9ab8a767b6c314098d3d6f13285eea23612c69e76aaf2
Website,"Put ""Hello World"" in your OWN language!",351,567,jonathanlee06,500,FALSE,f47f8b9d6086ac226b66ea6edd403dbf6231e61f90417b51776c5cbb6b366259
Website,"Put ""Hello World"" in your OWN language!",351,599,ionutzaharia,500,FALSE,37f45e2eec79ff2cff9460d980b048e97e54a256831427ee8f8a6f257cbd007e
Website,"Put ""Hello World"" in your OWN language!",351,684,nberic,500,FALSE,dc874f3df2f4ef76d4029303ae4b42804afe5a54275e732de0226a4a794a67e6
Website,"Put ""Hello World"" in your OWN language!",351,701,ProdexOne,500,FALSE,d69250da1fec11ce7a635e7667f969e6bd4ce053f88db2e28f8fde3ac977da55
Website,"Put ""Hello World"" in your OWN language!",351,708,RoyVoetman,500,FALSE,5c1b00cfc53e7fee7aaef8dc9d81f25672416f32b7c8d73c277bb7408b6d724a
Website,"Put ""Hello World"" in your OWN language!",351,709,FaiyazMdAbdul,500,FALSE,30ec10ff13e15f9281afc5bb7eebe6844d143db9559e57db6628e437fa5c03d3
Website,"Put ""Hello World"" in your OWN language!",351,711,hienqn,500,FALSE,dfddf07ec15cbf363ecb52eedd7133b70b3ec896b488460bcecaba63e8e36be5
Website,"Put ""Hello World"" in your OWN language!",351,713,MirkoHotsHot,500,FALSE,802f34851bdfa1572f11fc4e58e44be3c01e92399bc4ba8d81e98b02254a0106
Website,"Put ""Hello World"" in your OWN language!",351,721,zalkar-z,500,FALSE,42a6c58e12d1f929d1b10bcb9d0beada5d2caa0213c6a2d6eaefba74c133e006
Website,"Put ""Hello World"" in your OWN language!",351,510,naveedahmad99,500,FALSE,04ab47908bf0e72161f1b4c3b93e87c3d09b8e20162c220e3284972e3f82ab2b
Website,"Put ""Hello World"" in your OWN language!",351,511,sarveshkolte,500,FALSE,925b945f1c3a55a26cb709e8c3736426d8f70b2ada3786466630f8de43e4c44f
Website,"Put ""Hello World"" in your OWN language!",351,514,whitelionx,500,FALSE,fb84a32a698a03dd327c4ce673f19fa0acf6e68cb50f143d5d7c080471bc4625
Website,"Put ""Hello World"" in your OWN language!",351,516,donmbelembe,500,FALSE,6279a5ae4f1eec18a46671992eaaa6680ffb26c556a3ebf10112bd4d3d5bc131
Website,"Put ""Hello World"" in your OWN language!",351,526,lukas-kasticky,500,FALSE,33926149a84a1513ec75e15fedfda11b2b8a18f0222950f79548161ebeaf96a7
Website,"Put ""Hello World"" in your OWN language!",351,528,xZliman,500,FALSE,dad0bec19e39f755440a295a24095633c7b1f18e104655b12b34ff945345f4c6
Website,"Put ""Hello World"" in your OWN language!",351,531,wilsongayo,500,FALSE,e639afaaa92ea2372fde3f20e998eb9b1f76d0d2e5d6a54a10dc31b3e7fb9376
Website,"Put ""Hello World"" in your OWN language!",351,535,reeveng,500,FALSE,50b50e9a8bd346d3ae54daedf8e6ae4f35244420036e18180f3ee436660f0d46
Website,"Put ""Hello World"" in your OWN language!",351,538,zinoadidi,500,FALSE,e6877a1a3f9bfbe313c7d2022675c6cf409fcf4eb425793acec4f2d69cb86fcb
Website,"Put ""Hello World"" in your OWN language!",351,539,DinShpati,500,FALSE,3b59cd93d7cb88fd55caaea77f07328b57cce7e3d1a14b13410291c698dccf2e
Website,"Put ""Hello World"" in your OWN language!",351,545,kenmusima,500,FALSE,65c3defcc249d17d61d8d789b4fcb9397714dfc36ebb91ec4130297bd3d2843d
Website,"Put ""Hello World"" in your OWN language!",351,546,shcul333,500,FALSE,c52424dacafed79abc730139eff7eec612873d650e938864b1c765fb5282d2fd
Website,"Put ""Hello World"" in your OWN language!",351,548,A-A-2,500,FALSE,bc7decf57ad5d66601b6ca291cf9f3fb798ccab97b2836a9b5a521f3a2f70b97
Website,"Put ""Hello World"" in your OWN language!",351,555,JonasPik,500,FALSE,f6e015e67563ae5d0bde71477e9d7b7a8a759fb252b50aa07720eba1caf9bbc3
Website,"Put ""Hello World"" in your OWN language!",351,557,Zims,500,FALSE,62e2762010196c45ec6d06a218db6ae37816d5ab2e7cd37f9b4e01d016917cf4
Website,"Put ""Hello World"" in your OWN language!",351,562,Get-ADUser,500,FALSE,c21b5dc8b158914c340bac83ff236e557f6020fd40b3c1f02117eb44a6d5b0b9
Website,"Put ""Hello World"" in your OWN language!",351,571,manishram,500,FALSE,0f92e975101eb96cea80dce430d74efd3172fa229377818d467ded85dcf2ab6c
Website,"Put ""Hello World"" in your OWN language!",351,575,officialabdulrehman,500,FALSE,cd2400e0402fd081b2f71d08a9334e56d876eb589e096b6a0b8a6e4ac20a73c3
Website,[Design] No Margin between Task Left Menu,581,589,whitelionx,500,FALSE,fb84a32a698a03dd327c4ce673f19fa0acf6e68cb50f143d5d7c080471bc4625
Website,"Put ""Hello World"" in your OWN language!",351,596,rabeeh-ta,500,FALSE,995fa01fe249fc2785564315b49f14d368d273fadcc4b00f7457ccac1424cfb7
Website,"Put ""Hello World"" in your OWN language!",351,609,alexkimeu0,500,FALSE,3972dfcfb9fd488cf90644b599558d3e265bdb883686933f62e8450aaee974b1
Website,"Put ""Hello World"" in your OWN language!",351,690,Benett1,500,FALSE,9de67a91c59cc663983d1bcdfcbc42774c0dc82f4df83455edbb59d187a65d11
Website,"Put ""Hello World"" in your OWN language!",351,720,sbalasa,500,FALSE,
Website,"Put ""Hello World"" in your OWN language!",351,725,ProdexOne,500,FALSE,d69250da1fec11ce7a635e7667f969e6bd4ce053f88db2e28f8fde3ac977da55
Website,"Put ""Hello World"" in your OWN language!",351,727,ddyakov,500,FALSE,f867dd69de4657143261b1f03f3e120e7cc4453ae8d77bce2a047d1989ef26ec
Website,"Put ""Hello World"" in your OWN language!",351,735,Tobel158,500,FALSE,ed3b27f0d895f50dd44c5ed60a11e586f76b4da8a94edf6898210b231c5ebbfc
Website,"Put ""Hello World"" in your OWN language!",351,736,VincentHch,500,FALSE,aaf42054f84c66586bf29d446188347ab910112cb60b775a4d6feadd5b9ae73f
Website,"Put ""Hello World"" in your OWN language!",351,740,sardorml,500,FALSE,48fd6dd32013b53e5f950e3b9299618db86dde59b058bd54e0a9fb53e7cf4f7e
Website,Links in the navbar cannot be opened in a new tab,753,752,BlueBlazin,500,FALSE,c001d8b9c76c7e71f598d9533fbc691fdf1323ff9736068cac28dada94239142
Website,Design Assets page,523,641,manishram,7500,FALSE,0f92e975101eb96cea80dce430d74efd3172fa229377818d467ded85dcf2ab6c
Website,Openings - HIRING FREEZE,738,739,Akshit1311,1000,FALSE,deafdd8531213a77bfc51da798a5d9b4907e2d618af199c67c851d7f7d564f13
Website,[Leaderboard] Image content jumping when loading page,703,704,jamessspanggg,1000,FALSE,c54c04774efaae20746fd3f29cdd619fea512e119bc1082b863572b2e8844104
Website,"""Join the Community"" heading in /social",686,716,cfviotti,500,FALSE,f178736e0bc30ec082ad6db57a5141d87268a475c11c5e04bd3c1c41f9baca3b
Website,[Documentation] Hash link snap issue,675,676,jamessspanggg,500,FALSE,c54c04774efaae20746fd3f29cdd619fea512e119bc1082b863572b2e8844104
Website,[Leaderboard] Dropdown does not work,679,680,jamessspanggg,1000,FALSE,c54c04774efaae20746fd3f29cdd619fea512e119bc1082b863572b2e8844104
Website,Update teams page,699,700,thesanjeevsharma,500,FALSE,644cdaf382c1f711fb05fb4328409a62713ecc7a3e83fa07427cc3539a8a23ac
Website,Update engineering openings,706,707,thesanjeevsharma,500,FALSE,644cdaf382c1f711fb05fb4328409a62713ecc7a3e83fa07427cc3539a8a23ac
Website,Proofreading FAQ page,705,653,DenverCoder1,500,FALSE,c70c8cc52f35414d7e011ade3fc4539f10f33863a67eab9094cb6f79096ae6ea
Website,Download page needs design update for iPhone 5,389,560,nrednav,2000,FALSE,4619c9fbc925437d7c81a0bdce60064d03d4697be86bc7621ad9cc894b637af6
Website,New Contributor,750,755,subhamg,500,FALSE,23a0f8d205c34bbefea15a642b186b5ea17e636ddf0a690534182400c9db36f0
Website,More Account Manager Docs,761,737,whitelionx,1000,FALSE,fb84a32a698a03dd327c4ce673f19fa0acf6e68cb50f143d5d7c080471bc4625
Website,Typo in the documentation.,756,759,ddyakov,500,FALSE,f867dd69de4657143261b1f03f3e120e7cc4453ae8d77bce2a047d1989ef26ec
Website,"Put ""Hello World"" in your OWN language!",351,742,sotheavuthnguon,500,FALSE,dfddf07ec15cbf363ecb52eedd7133b70b3ec896b488460bcecaba63e8e36be5
Website,"Put ""Hello World"" in your OWN language!",351,762,The-Veil,500,FALSE,4abccf4280ef61aad6f176a103933a42ed7dbf90d55e7912f404a704ede06f41
Website,"Put ""Hello World"" in your OWN language!",351,685,danieloravec,500,FALSE,2695cd78eb584db1b7ffb999c7b886303a7a00679cefe13f7902fdbf33e1b800
Website,"Put ""Hello World"" in your OWN language!",351,766,Rosendo6,500,FALSE,6e796df42462d6b5fdd5cab1fa7cdedf939953327f55c8433d27f3fccb3eac6f
Website,"Put ""Hello World"" in your OWN language!",351,677,suhailpappu,500,FALSE,026b356d4aa23d59e54c8491aef42f00991dd3a482826ba9c6c35999a3696755
Website,[Documentation] Code segments under CSS / SASS not highlighted properly,733,734,jamessspanggg,1000,FALSE,c54c04774efaae20746fd3f29cdd619fea512e119bc1082b863572b2e8844104
Website,Incorrect Text on the Add Friends Page,763,764,aayushi14,500,FALSE,100c627095785ab8a7ed04d548b53f4b0638c44b49c46aea6c003d7b06294881
Website,"Put ""Hello World"" in your OWN language!",351,765,P-Sklodowska,500,FALSE,d293367dad5ad195db822d68ef5a25f335385aaa9bd6958ebfb697fddc5bc7f4
Website,"Put ""Hello World"" in your OWN language!",351,771,laughablehaha,500,FALSE,c60b749d7a41d0c11699c9a8f5585021d8698cba5ad03fca2682857651d7bcac
Website,New Contributor,773,777,LunarDeveloper,500,FALSE,b32e6086c378b840fcece09daacfaee8ba75e0e038152406e2d2db3c0f93204e
Website,New Contributor,772,775,hasham56,500,FALSE,b5e439050e077544a563c08fbabc7c2729ad906cb0d7d68b89501c35f4b878aa
Website,New Contributor,745,746,manishram,500,FALSE,0f92e975101eb96cea80dce430d74efd3172fa229377818d467ded85dcf2ab6c
Website,New Contributor,743,744,jamessspanggg,500,FALSE,c54c04774efaae20746fd3f29cdd619fea512e119bc1082b863572b2e8844104
Website,Sorting of team members not working as expected,747,788,jamessspanggg,500,FALSE,c54c04774efaae20746fd3f29cdd619fea512e119bc1082b863572b2e8844104
Website,Small correctness and clarity mistakes in introduction page,800,801,ddyakov,500,FALSE,f867dd69de4657143261b1f03f3e120e7cc4453ae8d77bce2a047d1989ef26ec
Website,New Contributor,782,784,Akshit1311,500,FALSE,deafdd8531213a77bfc51da798a5d9b4907e2d618af199c67c851d7f7d564f13
Website,A little typo in the 'Openings' page,787,794,YashovardhanSingh,500,FALSE,38a99b8f1916eab0471ca1df26e7fe5e71d845e6ea5b233cd3d93a75097ea2d6
Website,New Contributor,793,797,hasham56,500,FALSE,b5e439050e077544a563c08fbabc7c2729ad906cb0d7d68b89501c35f4b878aa
Website,extra right margin in donate-card on mobile,776,817,rahulkiller104,500,FALSE,ce07ecf453c77cf123bd79641d404cd9f80bccfccd0f1c66a22d99ddd51a2f13
marketing,LinkedIn Banner,6,,SOHDA31,7500,TRUE,5257c00dc543a348f3aee0c7871d7e659d4ec63b68838302f3f4da978e13c92a
Website,"Put ""Hello World"" in your OWN language!",351,824,KingChampion36,500,FALSE,214023b88a91135d5779c614052ce81a37ba444c3da2931b62d6a3da6c8efde3
Website,"Put ""Hello World"" in your OWN language!",351,692,fosteradorkor,500,FALSE,13e8cd23929dbae240f52f5911080ed98193781b8b74514757b3b9c5f6390174
Website,"Put ""Hello World"" in your OWN language!",351,820,Weav3r,500,FALSE,c6bfc60493c5bd1ca9289069c098d8ab70ac27d89344de5ede54d25865678090
Website,"Put ""Hello World"" in your OWN language!",351,698,phoenixArtwork,500,FALSE,0e86adf963b7801823b68e2911ab7884eab022ef61ea8cd964eff00293a5418f
Website,[Android] Long-press on top nav links doesn't give option to open in new tab,812,813,PatNeedham,500,FALSE,cea8aeb6de519c49ef39a2df3e578ecbb8277cb2284500d97c1ad219dada5a4e
Website,[Bug]Website buttons in navigation have double focus.,830,831,nparoski,1000,FALSE,848a2743f581f4bb1dee0236474293690de7586aa235d32c427982e4a28fef77
Website,Task Left Menu Issue,564,803,manishram,1000,FALSE,0f92e975101eb96cea80dce430d74efd3172fa229377818d467ded85dcf2ab6c
Website,website doesn't auto select download tab based on user system,819,805,akamfoad,1000,FALSE,6a615ec1fd58a7f0835495b37f42e8a8d1492aceed078ef7a3b694d06ff08a0a
Website,Issue with recent task title,815,816,manishram,500,FALSE,0f92e975101eb96cea80dce430d74efd3172fa229377818d467ded85dcf2ab6c
Website,[Leaderboard] Inconsistencies in width of tasks,839,840,jamessspanggg,2000,FALSE,c54c04774efaae20746fd3f29cdd619fea512e119bc1082b863572b2e8844104
Website,New Contributor,821,823,KingChampion36,500,FALSE,214023b88a91135d5779c614052ce81a37ba444c3da2931b62d6a3da6c8efde3
Website,[FAQ] Console error when in dev mode,845,846,jamessspanggg,500,FALSE,c54c04774efaae20746fd3f29cdd619fea512e119bc1082b863572b2e8844104
Website,Title Missing: Assets and Openings page,854,855,manishram,500,FALSE,0f92e975101eb96cea80dce430d74efd3172fa229377818d467ded85dcf2ab6c
Website,[Documentation] Empty new lines in deployment guide,858,859,jamessspanggg,500,FALSE,c54c04774efaae20746fd3f29cdd619fea512e119bc1082b863572b2e8844104
Website,"Put ""Hello World"" in your OWN language!",351,861,pabloqb2000,500,FALSE,612ac38fb5e78536ba5aee13bf6fadf272be6d6c6ca3e9f4ca812d6d7f2a73d8
Website,"Put ""Hello World"" in your OWN language!",351,860,dark121211,500,FALSE,046d2a581df1fc47b7b3258839227e5a725fd7d9053625cfffc8b6ee29f18be0
Website,"Put ""Hello World"" in your OWN language!",351,874,siemen-subbaiah,500,FALSE,8cb3a38c7b82c38b0b5f042deb6f7b3bfccdb4e7bce470bd8aae7ab3094e6da0
Website,"Put ""Hello World"" in your OWN language!",351,868,melsh123221,500,FALSE,a2c6312ca6a8495770e0f2eef643d9eda894b3f7d0e046fb8a28f4fba19c43dc
Website,"Put ""Hello World"" in your OWN language!",351,867,Hot-Shot75,500,FALSE,c7152068d4655cab77a8f6eb9b2a5389f1e9a82a8450f6f690288963925c6343
Website,"Put ""Hello World"" in your OWN language!",351,862,briankinane,500,FALSE,6896cd775859c87ea6fe14e89881deaf299b6f5ed6cf36150336cddaca0c5818
Website,Documentation typo,889,757,alexkimeu0,500,FALSE,3972dfcfb9fd488cf90644b599558d3e265bdb883686933f62e8450aaee974b1
Website,UNSAFE_componentWillMount console error,856,857,jamessspanggg,1000,FALSE,c54c04774efaae20746fd3f29cdd619fea512e119bc1082b863572b2e8844104
Website,Fix console warnings during development,863,865,jamessspanggg,1000,FALSE,c54c04774efaae20746fd3f29cdd619fea512e119bc1082b863572b2e8844104
Website,Remove package-lock.json and use yarn,828,829,ffpetrovic,500,FALSE,8ff37590e4dda7710e1201e8a5d2da8482eae257590871f5b0e6b41ee02aa2e4
Website,New Contributor,866,871,KingChampion36,500,FALSE,214023b88a91135d5779c614052ce81a37ba444c3da2931b62d6a3da6c8efde3
Website,New Contributor,872,873,VincentHch,500,FALSE,aaf42054f84c66586bf29d446188347ab910112cb60b775a4d6feadd5b9ae73f
Website,Add Kotlin SDK to tasks,876,882,thesanjeevsharma,500,FALSE,644cdaf382c1f711fb05fb4328409a62713ecc7a3e83fa07427cc3539a8a23ac
Website,[Feature Request] Tasks should be sortable by time and coins,550,616,kush-daga,7500,FALSE,17c17bfd536763e643cdd9b663d6b40aac13352f285dff48cdf73f4a55f044d2
thenewboston-python-client,Bank - banks api calls,15,24,jtavak,5000,TRUE,55bce9177483a0e4b1afc6f431c1f6104d3b84c6e6444fd978c33e9c031807bf
Website,"Put ""Hello World"" in your OWN language!",351,884,Tuhinga,500,FALSE,1dc35bb31ef54ffdb8ac5169ab52df6d02e8cbc4f5b24ebc2a067c7b44b8df65
Website,"Put ""Hello World"" in your OWN language!",351,891,lucedawg,500,FALSE,c9409efab604bb0e0b8cc0f15785c45e5b3922d51fa41f711585bfe3086e7756
thenewboston-python-client,Bank - get bank config,16,34,VincentHch,5000,TRUE,aaf42054f84c66586bf29d446188347ab910112cb60b775a4d6feadd5b9ae73f
thenewboston-python-client,Bank - patch api call for validators path,22,23,velibor7,5000,TRUE,514983fc77ebf39bedb82de179d2312497757e1a0e4276835844479dbfa80e5f
thenewboston-python-client,Bank - validator confirmation services api calls,19,37,CirXe0N,5000,TRUE,2ffa7fc96ca4c04d18e878e88e49a95556c497df327fedd82e2c663cc4e4e0a2
thenewboston-python-client,Bank - confirmation blocks api calls,17,35,VincentHch,5000,TRUE,aaf42054f84c66586bf29d446188347ab910112cb60b775a4d6feadd5b9ae73f
thenewboston-python-client,Bank - post invalid block to bank,18,26,xmac11,5000,TRUE,8ff92d181cb09f18ef2a1b03badb5bf4a8962f7e5bb55641d0358d99bf7d5655
thenewboston-python-client,Add Github Actions to automate testing and linting,38,40,sbalasa,5000,TRUE,
thenewboston-python-client,Change class methods to private,57,58,makaramkd,200,TRUE,b0302a7a0c02df1a5d298122de7c22a0bdd2394de75d1ae724f51a85bd13128e
thenewboston-python-client,Change class methods to private,55,56,CirXe0N,10000,TRUE,2ffa7fc96ca4c04d18e878e88e49a95556c497df327fedd82e2c663cc4e4e0a2
thenewboston-python-client,Generate documentation for the codebase using sphinx,49,56,AbhayAysola,5000,TRUE,8928526805de48e4bf2ed2a9b4b839e6b2603018ecdfbf4cffdb2065e01a3ed1
thenewboston-python-client,Add typing annotations to the codebase to help developers reduce code mistakes.,39,44,makaramkd,6000,TRUE,b0302a7a0c02df1a5d298122de7c22a0bdd2394de75d1ae724f51a85bd13128e
thenewboston-python-client,Bank - blocks api calls,21,36,nishp77,5000,TRUE,c81061eb20ee1379ab98b6f5a125ebd0955278e36513eabd8d319967bb61d7e8
thenewboston-python-client,Add Github Actions to automate testing and linting,38,40,sbalsa,5000,TRUE,d2131316a7286972bf15bfe914beac2fe56505a6b7a13aa3916a4f355736cbb3
thenewboston-python-client,Fix black formatting errors in Codebase,31,32,sbalsa,1000,TRUE,d2131316a7286972bf15bfe914beac2fe56505a6b7a13aa3916a4f355736cbb3
thenewboston-python-client,Bank - post upgrade notice,20,42,VincentHch,200,TRUE,aaf42054f84c66586bf29d446188347ab910112cb60b775a4d6feadd5b9ae73f
Website,"Put ""Hello World"" in your OWN language!",351,900,Surac778,500,FALSE,8994e4e846802df3fb42d1c39efbded0eae641ed3bb36338de94aec3da6dba0f
Website,"Put ""Hello World"" in your OWN language!",351,902,gatvay23924,500,FALSE,5d5542b8749534b1c6b51ab7819382ce773439bb5aacdc93ad0b79ae4ff9f613
Website,"Put ""Hello World"" in your OWN language!",351,904,codemedo,500,FALSE,659528bb7580a3a22b2ad5359d9b8c7086455459e9e437ebc85fc23f01c72efa
Website,New Contributor,892,895,jamessspanggg,500,FALSE,c54c04774efaae20746fd3f29cdd619fea512e119bc1082b863572b2e8844104
Website,New Contributor,893,894,jamessspanggg,500,FALSE,c54c04774efaae20746fd3f29cdd619fea512e119bc1082b863572b2e8844104
Website,Kotlin SDK new member (Peter Sommerhoff),877,897,hasham56,500,FALSE,b5e439050e077544a563c08fbabc7c2729ad906cb0d7d68b89501c35f4b878aa
Website,Kotlin SDK New Contributor Martin Nowosad,878,896,hasham56,500,FALSE,b5e439050e077544a563c08fbabc7c2729ad906cb0d7d68b89501c35f4b878aa
Website,New Contributor,899,901,codemedo,500,FALSE,659528bb7580a3a22b2ad5359d9b8c7086455459e9e437ebc85fc23f01c72efa
Website,"Put ""Hello World"" in your OWN language!",351,913,ysttt12,500,FALSE,1dc35bb31ef54ffdb8ac5169ab52df6d02e8cbc4f5b24ebc2a067c7b44b8df65
Website,New Contributor,921,933,AkbarKamran,500,FALSE,b5e439050e077544a563c08fbabc7c2729ad906cb0d7d68b89501c35f4b878aa
Website,"Put ""Hello World"" in your OWN language!",351,939,aeronye,500,FALSE,42cc1800cf0264a41493a065e67dd09de2a9664eb0d66330d0626b455deb7800
Website,Long title words break the mobile design in the tasks page,909,917,mersimoski,1000,FALSE,cf59a784ff69e64e977359f28cd4d04c0aea7a37cf1b8bda3dfbde2364032855
Website,Decouple Hello World animation and word shuffle logic using custom hooks,890,918,lapstjup,5000,FALSE,f5f87358644304217252fb6908417cfdaf1cc981b74d41ac8ff3d8717cdad725
Website,New Contributor,915,930,hasham56,500,FALSE,b5e439050e077544a563c08fbabc7c2729ad906cb0d7d68b89501c35f4b878aa
Website,New Contributor,914,929,hasham56,500,FALSE,b5e439050e077544a563c08fbabc7c2729ad906cb0d7d68b89501c35f4b878aa
Website,Projects Proposal page,934,978,buckyroberts,2500,FALSE,a37e2836805975f334108b55523634c995bd2a4db610062f404510617e83126f
Website,Make an Image component with optimizations for image loading,869,942,thesanjeevsharma,2500,FALSE,644cdaf382c1f711fb05fb4328409a62713ecc7a3e83fa07427cc3539a8a23ac
Website,User Account Prereq - Integrate our AccountManager's Modal into the website,461,585,amarjeet987,25000,FALSE,f967bd5b2f846bc74cf7e7512fb0fab8ce7188a1e28cd9db2c6c77b42467ca10
Website,Integrate GitHub OAuth into Front-end,364,509,thesanjeevsharma,7500,FALSE,644cdaf382c1f711fb05fb4328409a62713ecc7a3e83fa07427cc3539a8a23ac
Website,"Put ""Hello World"" in your OWN language!",351,987,Godnoken,500,FALSE,ed0026cc11eef78c454107ed1d3ad3b1d3a4f1628ea2743e7eb4e1daf0a95b2e
Design,Reddit Banner,67,,shivamyadav37,2000,FALSE,c2fb0c50a53c68e75c8c89af5fd2ec5aaf9557e31905acdba8c319132cbbc719
Design,Coins Memes Infographic,42,,YashovardhanSingh,2000,FALSE,38a99b8f1916eab0471ca1df26e7fe5e71d845e6ea5b233cd3d93a75097ea2d6
Website,New Contributor - moving roles from another role,1016,1019,thesanjeevsharma,500,FALSE,644cdaf382c1f711fb05fb4328409a62713ecc7a3e83fa07427cc3539a8a23ac
Website,Remove Members listed from Team,994,1010,aayushi14,500,FALSE,100c627095785ab8a7ed04d548b53f4b0638c44b49c46aea6c003d7b06294881
Website,[Tasks] Ascending and descending sort not working,1014,1015,jamessspanggg,500,TRUE,c54c04774efaae20746fd3f29cdd619fea512e119bc1082b863572b2e8844104
Website,Project proposals link missing in the footer,1008,1009,manishram,250,TRUE,0f92e975101eb96cea80dce430d74efd3172fa229377818d467ded85dcf2ab6c
Website,Typos in the docs,935,1004,alexkimeu0,500,TRUE,3972dfcfb9fd488cf90644b599558d3e265bdb883686933f62e8450aaee974b1
Website,Point number 6 is missing,996,997,manishram,250,TRUE,0f92e975101eb96cea80dce430d74efd3172fa229377818d467ded85dcf2ab6c
Website,NaN reward,936,938,jamessspanggg,500,TRUE,c54c04774efaae20746fd3f29cdd619fea512e119bc1082b863572b2e8844104
Design,Teams page update,23,,kristykjlee,2000,FALSE,a2d73cf3b37a62276ade44a96860495510d0e7d7c468950d4e49ac8a62b3d31d
Design,As a user I would like to be able to sell my goods to accumulate more TNB coins,24,,davidyapdy,2000,FALSE,e854c93be1fb4f0f06228a609f4b27ca539e008fe03e7e7179ec01329d555250
Design,Blockchain topic Infographic,55,,DrSparky-2007,2000,FALSE,ae1e084c6f9475f9604d9cf8aba68b54d5b217fefbb17d5a2f57ebfcd833eeab
Website,Last updated date for Docs,549,,mofodox,500,FALSE,ddef8a7ea0d98f8605703102f5b25e587d612ba7917afc1c9eb0ee904ae181c0
Website,Add new rule,1024,1025,manishram,500,FALSE,0f92e975101eb96cea80dce430d74efd3172fa229377818d467ded85dcf2ab6c
Website,[Bug] Interactive elements don't have outlines on focus and are not clickable via keyboard.,843,844,nparoski,2000,TRUE,848a2743f581f4bb1dee0236474293690de7586aa235d32c427982e4a28fef77
Website,The guide page redirects to the home page,1023,1027,thesanjeevsharma,1000,TRUE,644cdaf382c1f711fb05fb4328409a62713ecc7a3e83fa07427cc3539a8a23ac
Website,Add How to Set Up Payment Board Docs,990,1020,jamessspanggg,1000,FALSE,c54c04774efaae20746fd3f29cdd619fea512e119bc1082b863572b2e8844104
Website,"Put ""Hello World"" in your OWN language!",351,478,AntonFredrikSvensson,500,FALSE,c636813810492c91fc4fd3d64b8effc2c3f3abc0e790e7d945cc4577e9e410d7
Website,[Suggestion] Automate testing/linting using github actions,1032,1033,jamessspanggg,2000,FALSE,c54c04774efaae20746fd3f29cdd619fea512e119bc1082b863572b2e8844104
Website,Update Docs for Confirmation Validator - Accounts,969,998,aayushi14,1000,FALSE,100c627095785ab8a7ed04d548b53f4b0638c44b49c46aea6c003d7b06294881
Website,Update Docs for Primary Validator - Validators,968,992,aayushi14,1000,FALSE,100c627095785ab8a7ed04d548b53f4b0638c44b49c46aea6c003d7b06294881
Website,Update Docs for Bank - Bank Transactions,952,986,UweVanOpfern,1000,FALSE,593c3874ca9b04dc1386b0ef7f72e075d3fd729fb262f816d7bde528e9047168
Website,Update Docs for Primary Validator - Config,965,991,aayushi14,1000,FALSE,100c627095785ab8a7ed04d548b53f4b0638c44b49c46aea6c003d7b06294881
Website,Update Docs for Bank - Validators,961,995,aayushi14,1000,FALSE,100c627095785ab8a7ed04d548b53f4b0638c44b49c46aea6c003d7b06294881
Website,Update Docs for Confirmation Validator - Config,972,1000,aayushi14,1000,FALSE,100c627095785ab8a7ed04d548b53f4b0638c44b49c46aea6c003d7b06294881
Website,Update Docs for Bank - Banks,953,1006,DucPhamTV,1000,FALSE,ec5aa47719460ee5bcd16ab3cfe94c521d702eb9fc7d80f603762c23014f8ab8
Website,Remove team member,1030,1031,jamessspanggg,250,FALSE,c54c04774efaae20746fd3f29cdd619fea512e119bc1082b863572b2e8844104
Website,"Put ""Hello World"" in your OWN language!",351,949,Toledit,500,FALSE,c2c867ba352e754ab17d228871105edfcc1c0d33f32f57ff76823055041b417a
Account-Manager,Import/Export Signing Keys Hi-Fi,148,,kristykjlee,5000,FALSE,a2d73cf3b37a62276ade44a96860495510d0e7d7c468950d4e49ac8a62b3d31d
Account-Manager,Editing account nickname does not revalidate the nickname,488,489,jamessspanggg,1000,TRUE,c54c04774efaae20746fd3f29cdd619fea512e119bc1082b863572b2e8844104
Account-Manager,Editing bank nickname does not revalidate the nickname,490,491,jamessspanggg,1000,TRUE,c54c04774efaae20746fd3f29cdd619fea512e119bc1082b863572b2e8844104
Account-Manager,White screen of death at launch,480,484,matheusfillipe,500,TRUE,72d31b3aa84e4a0cf58dc5527b5a0a54a4499716994a2f7c0507e32b9985156c
Account-Manager,[Suggestion] Move validation values to a constant file,496,497,jamessspanggg,1000,FALSE,c54c04774efaae20746fd3f29cdd619fea512e119bc1082b863572b2e8844104
Account-Manager,Able to give nickname that is very long,494,495,jamessspanggg,500,TRUE,c54c04774efaae20746fd3f29cdd619fea512e119bc1082b863572b2e8844104
Validator,Fix Flake8 Issues for Validator,91,94,AbhayAysola,5000,FALSE,8928526805de48e4bf2ed2a9b4b839e6b2603018ecdfbf4cffdb2065e01a3ed1
Validator,Generate documentation for the codebase using sphinx,93,95,AbhayAysola,5000,FALSE,8928526805de48e4bf2ed2a9b4b839e6b2603018ecdfbf4cffdb2065e01a3ed1
Website,The leaderboard page redirects to the home page,1042,1043,YashovardhanSingh,500,TRUE,38a99b8f1916eab0471ca1df26e7fe5e71d845e6ea5b233cd3d93a75097ea2d6
Website,New Contributor,1039,1040,jamessspanggg,250,FALSE,c54c04774efaae20746fd3f29cdd619fea512e119bc1082b863572b2e8844104
Kotlin-SDK,Standardise unit tests with Kotest assertions,47,69,IanArb,2000,FALSE,d0ea7f5716c36ffa0300aa64424bb9dcdd7b9c6644577187309b67590e7dce55
Kotlin-SDK,Implement BankTransactionsDataSource class for Bank Transactions Endpoint,48,48,itsnikhil,1000,FALSE,e9c5acac0806aca6ba2c0ade74d93ec4f9a89d8743fa477c52ce9b7817dcad95
Kotlin-SDK,Implement BankTransactionRepository for Bank API,51,54,itsnikhil,500,FALSE,e9c5acac0806aca6ba2c0ade74d93ec4f9a89d8743fa477c52ce9b7817dcad95
Website,Update Docs for Primary Validator - Confirmation Blocks,966,986,UweVanOpfern,1000,FALSE,593c3874ca9b04dc1386b0ef7f72e075d3fd729fb262f816d7bde528e9047168
Website,New Contributor,1050,1053,nparoski,250,FALSE,848a2743f581f4bb1dee0236474293690de7586aa235d32c427982e4a28fef77
Website,[Leaderboard] Slide up account details shifts around when initially loaded,1051,1052,jamessspanggg,1000,FALSE,c54c04774efaae20746fd3f29cdd619fea512e119bc1082b863572b2e8844104
Website,[Internet Explorer] Site not working,211,1044,nparoski,2000,FALSE,848a2743f581f4bb1dee0236474293690de7586aa235d32c427982e4a28fef77
Website,Update Docs for Confirmation Validator - Validators,977,1001,aayushi14,1000,FALSE,100c627095785ab8a7ed04d548b53f4b0638c44b49c46aea6c003d7b06294881
Website,New Job Opening,1046,1048,jamessspanggg,250,FALSE,c54c04774efaae20746fd3f29cdd619fea512e119bc1082b863572b2e8844104
Website,[Suggestion] Linter for css/scss files,1036,1049,jamessspanggg,2500,FALSE,c54c04774efaae20746fd3f29cdd619fea512e119bc1082b863572b2e8844104
thenewboston-js,[Task] Implement `ServerNode` POST Request Method,7,8,sno2,250,FALSE,d84543947090d300910f8d1b9604c0c0a56fafca6cfbe52511c1e31757188bca
Website,New Job Opening,1047,1058,Hristijan95,250,FALSE,1002530d2ef3da6207c5a5070d427984a8508a715ce18afb07f394aa47d73751
Design,Join Our Community! page revamp,22,,lukas-kasticky,7500,FALSE,33926149a84a1513ec75e15fedfda11b2b8a18f0222950f79548161ebeaf96a7
Design,Money to Currency Infographic,60,,YashovardhanSingh,2000,FALSE,38a99b8f1916eab0471ca1df26e7fe5e71d845e6ea5b233cd3d93a75097ea2d6
Design,Project Proposal Templates for social media,74,,osaroadade,2000,FALSE,ec18c4b2832564cc0fc0a6d4c8dfe4f4b692ea742fd366b039b8273341f5380d
Design,Motivational Coins Infographic,53,,YashovardhanSingh,2000,FALSE,38a99b8f1916eab0471ca1df26e7fe5e71d845e6ea5b233cd3d93a75097ea2d6
Design,Infographics on Project Proposals,70,,YashovardhanSingh,2000,FALSE,38a99b8f1916eab0471ca1df26e7fe5e71d845e6ea5b233cd3d93a75097ea2d6
Design,Coins Topic Infographic,57,,pabloqb2000,2000,FALSE,612ac38fb5e78536ba5aee13bf6fadf272be6d6c6ca3e9f4ca812d6d7f2a73d8
thenewboston-python-client,Create new endpoints in Validator class,59,60,makaramkd,10000,TRUE,b0302a7a0c02df1a5d298122de7c22a0bdd2394de75d1ae724f51a85bd13128e
thenewboston-python-client,Set max line length back to 79 to adhere to the PEP 8 code styling,41,61,velibor7,1000,TRUE,514983fc77ebf39bedb82de179d2312497757e1a0e4276835844479dbfa80e5f
thenewboston-python-client,Incorrect Bank.connection_requests() and Validator.connection_requests(),62,63,DucPhamTV,5000,TRUE,ec5aa47719460ee5bcd16ab3cfe94c521d702eb9fc7d80f603762c23014f8ab8
Website,Join Our Community! page revamp,1068,1038,lukas-kasticky,5000,FALSE,33926149a84a1513ec75e15fedfda11b2b8a18f0222950f79548161ebeaf96a7
Website,[Leaderboard] High ranking number exceeds container in mobile view,1041,1054,nparoski,1000,FALSE,848a2743f581f4bb1dee0236474293690de7586aa235d32c427982e4a28fef77
Website,New Job Opening: Senior .NET Core developer,1056,1060,jamessspanggg,250,FALSE,c54c04774efaae20746fd3f29cdd619fea512e119bc1082b863572b2e8844104
Website,"Put ""Hello World"" in your OWN language!",351,979,dhakal0kushal,500,FALSE,22d0f0047b572a6acb6615f7aae646b0b96ddc58bfd54ed2775f885baeba3d6a
Website,"Create the ""Tasks Completed"" section of the profile page",1063,1065,jamessspanggg,5000,FALSE,c54c04774efaae20746fd3f29cdd619fea512e119bc1082b863572b2e8844104
Website,Update Docs for Confirmation Validator - Banks,971,999,aayushi14,1000,FALSE,100c627095785ab8a7ed04d548b53f4b0638c44b49c46aea6c003d7b06294881
Website,Update Docs for Primary Validator - Accounts,962,983,Hristijan95,1000,FALSE,1002530d2ef3da6207c5a5070d427984a8508a715ce18afb07f394aa47d73751
Bank,Fix Flake8 Issues for Bank,96,101,makaramkd,5000,FALSE,b0302a7a0c02df1a5d298122de7c22a0bdd2394de75d1ae724f51a85bd13128e
Bank,Generate documentation for the codebase using sphinx,97,99,AbhayAysola,5000,FALSE,8928526805de48e4bf2ed2a9b4b839e6b2603018ecdfbf4cffdb2065e01a3ed1
Kotlin-SDK,Build AccountDataSource class that calls Account endpoints through HttpService,15,53,nishp77,1000,FALSE,c81061eb20ee1379ab98b6f5a125ebd0955278e36513eabd8d319967bb61d7e8
Kotlin-SDK,Define ValidatorRepository interface,20,45,petersommerhoff,500,FALSE,2c9a538d3952a780ba65ee5a672e9ae4b415f542ab265e9517687b25ae4897aa
Kotlin-SDK,Integrate SonarQube into SDK for code quality analysis,41,70,IanArb,1000,FALSE,d0ea7f5716c36ffa0300aa64424bb9dcdd7b9c6644577187309b67590e7dce55
Kotlin-SDK,Implement Blocks GET request for Banks API,61,67,nishp77,2000,FALSE,c81061eb20ee1379ab98b6f5a125ebd0955278e36513eabd8d319967bb61d7e8
Design,As a contributor I would like to see all the link to the main file for Figma in one place so that I don't have to ask for them everytime i need it,65,,osaroadade,1000,FALSE,ec18c4b2832564cc0fc0a6d4c8dfe4f4b692ea742fd366b039b8273341f5380d
Design,HIFI - Coins Topic Infographic,77,,devanshgajjar,1000,FALSE,878191f1f66c58c53ae9179c3a7ea5ad7896f26f81d5201c3891f9ceb34fea72
Kotlin-SDK,Implement ConfigDataSource class for Bank Config endpoint,49,59,matthewrkula,1000,FALSE,256a504c51b58e5559c7ec83adf1b2807a9643d73ebb19fa36240e4b06d50f5e
Website,Update Docs for Bank - Config,955,982,velibor7,1000,FALSE,514983fc77ebf39bedb82de179d2312497757e1a0e4276835844479dbfa80e5f
Website,Update Docs for Bank - Blocks,954,982,velibor7,1000,FALSE,514983fc77ebf39bedb82de179d2312497757e1a0e4276835844479dbfa80e5f
Website,Update Docs for Bank - Accounts,951,982,velibor7,1000,FALSE,514983fc77ebf39bedb82de179d2312497757e1a0e4276835844479dbfa80e5f
Website,Update Docs for Confirmation Validator - Bank Confirmation Services,970,1064,UweVanOpfern,1000,FALSE,593c3874ca9b04dc1386b0ef7f72e075d3fd729fb262f816d7bde528e9047168
Website,Update Docs for Primary Validator - Banks,964,1057,aayushi14,1000,FALSE,100c627095785ab8a7ed04d548b53f4b0638c44b49c46aea6c003d7b06294881
Website,New Contributor,1069,1072,jamessspanggg,500,FALSE,c54c04774efaae20746fd3f29cdd619fea512e119bc1082b863572b2e8844104
Design,Trust Coins Infographic,63,,Niekon01,1000,FALSE,18c07b4227cb0993fa7a1db834834e42461a0d9f61b2b157dfbfee625bbf3de6
Design,Coins Memes Infographic (includes 2),87,,dhakal0kushal,2000,FALSE,22d0f0047b572a6acb6615f7aae646b0b96ddc58bfd54ed2775f885baeba3d6a
Design,Coins Memes Infographic,86,,YashovardhanSingh,1000,FALSE,38a99b8f1916eab0471ca1df26e7fe5e71d845e6ea5b233cd3d93a75097ea2d6
Design,Coins Memes Infographic,85,,FredrickXavier,1000,FALSE,dfddf07ec15cbf363ecb52eedd7133b70b3ec896b488460bcecaba63e8e36be5
Design,Facts about Coins Infographic,61,,YashovardhanSingh,1000,FALSE,38a99b8f1916eab0471ca1df26e7fe5e71d845e6ea5b233cd3d93a75097ea2d6
Design,Spending Coins Infographic,62,,smazydev,1000,FALSE,52f7621a40de120ec863bbbcaef0a135a82c73589b2adefaba5f2efb0e17a60c
Design,HIFI - Infographics on Project Proposals,79,,devanshgajjar,1000,FALSE,878191f1f66c58c53ae9179c3a7ea5ad7896f26f81d5201c3891f9ceb34fea72
Design,HIFI - Infographics on Project Proposals,78,,devanshgajjar,1000,FALSE,878191f1f66c58c53ae9179c3a7ea5ad7896f26f81d5201c3891f9ceb34fea72
Website,[Documentation] Breadcrumb menu does not toggle when clicked on icon,1075,1076,jamessspanggg,500,FALSE,c54c04774efaae20746fd3f29cdd619fea512e119bc1082b863572b2e8844104
Website,"Create the ""Profile Info"" section of the profile page",1062,1070,jamessspanggg,5000,FALSE,c54c04774efaae20746fd3f29cdd619fea512e119bc1082b863572b2e8844104
Website,New Contributor,1077,1081,jamessspanggg,500,FALSE,c54c04774efaae20746fd3f29cdd619fea512e119bc1082b863572b2e8844104
Bank,Write a test for class BankViewSet using get method to verify bank details,107,114,DucPhamTV,1000,FALSE,ec5aa47719460ee5bcd16ab3cfe94c521d702eb9fc7d80f603762c23014f8ab8
Bank,Write a test to validate unique constraint of block and validator together,108,115,DucPhamTV,1000,FALSE,ec5aa47719460ee5bcd16ab3cfe94c521d702eb9fc7d80f603762c23014f8ab8
Bank,Unit test failed when Faker().pytest() = 0,117,118,DucPhamTV,2000,TRUE,ec5aa47719460ee5bcd16ab3cfe94c521d702eb9fc7d80f603762c23014f8ab8
Bank,Write a test to validate trust value while creating a new Bank,112,119,DucPhamTV,1000,FALSE,ec5aa47719460ee5bcd16ab3cfe94c521d702eb9fc7d80f603762c23014f8ab8
Design,Cryptocurrency topic Infographic,56,,Toledit,1000,FALSE,c2c867ba352e754ab17d228871105edfcc1c0d33f32f57ff76823055041b417a
Design,Yes to Coins Infographic,46,,Toledit,1000,FALSE,c2c867ba352e754ab17d228871105edfcc1c0d33f32f57ff76823055041b417a
Design,Coins Mobile app Infographic,64,,Toledit,1000,FALSE,c2c867ba352e754ab17d228871105edfcc1c0d33f32f57ff76823055041b417a
thenewboston-js,[Task] Type Bank Get Config Response,17,18,sno2,500,FALSE,d84543947090d300910f8d1b9604c0c0a56fafca6cfbe52511c1e31757188bca
thenewboston-js,[Task] Add Axios Response Generics for `ServerNode` Request Methods,15,16,sno2,500,FALSE,d84543947090d300910f8d1b9604c0c0a56fafca6cfbe52511c1e31757188bca
thenewboston-js,[Task] Implement Browser Support with Browserify,9,13,mrbusysky,2000,FALSE,fe06754d2dbf23509e975809e9023b620509c1e6618472f16c9659f59e940337
thenewboston-python,Generate documentation for the codebase using sphinx,36,42,AbhayAysola,5000,FALSE,8928526805de48e4bf2ed2a9b4b839e6b2603018ecdfbf4cffdb2065e01a3ed1
Website,Update Docs for Confirmation Validator - Upgrade Request,976,1045,wendtl,1000,FALSE,cbc2ab2d700825c17ad8487ff9447b08ea5dc3bb0047eb7101c00c346dcbae01
Website,Last updated date for Docs,549,1091,CNFloss,2000,FALSE,57c10f3554872103c9b91e481347c2522dd5a13757831a51b12180c09e2e50ce
Website,Add thenewboston-js to tasks page,1103,1098,mrbusysky,250,FALSE,fe06754d2dbf23509e975809e9023b620509c1e6618472f16c9659f59e940337
Website,Remove contributor,1092,1093,manishram,500,FALSE,0f92e975101eb96cea80dce430d74efd3172fa229377818d467ded85dcf2ab6c
Website,WordPress Developer,1101,1102,manishram,500,FALSE,0f92e975101eb96cea80dce430d74efd3172fa229377818d467ded85dcf2ab6c
Kotlin-SDK,Android Sample App,42,57,amarjeet987,2000,FALSE,f967bd5b2f846bc74cf7e7512fb0fab8ce7188a1e28cd9db2c6c77b42467ca10
Website,Add routing to teams page,1095,1096,thesanjeevsharma,1000,FALSE,644cdaf382c1f711fb05fb4328409a62713ecc7a3e83fa07427cc3539a8a23ac
Bank,Write a test to validate value of account number and trust in accounts,121,123,DucPhamTV,1000,FALSE,ec5aa47719460ee5bcd16ab3cfe94c521d702eb9fc7d80f603762c23014f8ab8
Bank,Write a test to validate unique constraint of confirmation_validator and primary_validator together for InvalidBlock,109,122,DucPhamTV,1000,FALSE,ec5aa47719460ee5bcd16ab3cfe94c521d702eb9fc7d80f603762c23014f8ab8
Design,HIFI - Money to Currency Infographic,80,,devanshgajjar,1000,FALSE,878191f1f66c58c53ae9179c3a7ea5ad7896f26f81d5201c3891f9ceb34fea72
Design,HIFI infographic,89,,devanshgajjar,1000,FALSE,878191f1f66c58c53ae9179c3a7ea5ad7896f26f81d5201c3891f9ceb34fea72
Design,HIFI infographic,90,,devanshgajjar,1000,FALSE,878191f1f66c58c53ae9179c3a7ea5ad7896f26f81d5201c3891f9ceb34fea72
thenewboston-js,[Task] Create `Bank` Documentation,24,41,AbhayAysola,10000,FALSE,8928526805de48e4bf2ed2a9b4b839e6b2603018ecdfbf4cffdb2065e01a3ed1
thenewboston-js,[Task] Implement `Bank` POST Blocks Method,37,39,nishp77,2500,FALSE,c81061eb20ee1379ab98b6f5a125ebd0955278e36513eabd8d319967bb61d7e8
thenewboston-js,[Task] Type `PrimaryValidator.getConfig` Method Response,36,40,CNFloss,1000,FALSE,57c10f3554872103c9b91e481347c2522dd5a13757831a51b12180c09e2e50ce
thenewboston-js,[Task] Type `ConfirmationValidator.getConfig` Method Response,35,38,nishp77,1000,FALSE,c81061eb20ee1379ab98b6f5a125ebd0955278e36513eabd8d319967bb61d7e8
thenewboston-js,[Task] Implement POST Update Notice Method for `Bank`,28,33,CNFloss,2000,FALSE,57c10f3554872103c9b91e481347c2522dd5a13757831a51b12180c09e2e50ce
thenewboston-js,[Task] Create `Account` Documentation,22,34,sno2,7500,FALSE,d84543947090d300910f8d1b9604c0c0a56fafca6cfbe52511c1e31757188bca
thenewboston-js,[Task] Implement POST Primary Validator Updated for `ConfirmationValidator`,30,32,AbhayAysola,2000,FALSE,8928526805de48e4bf2ed2a9b4b839e6b2603018ecdfbf4cffdb2065e01a3ed1
thenewboston-js,[Task] Implement POST Upgrade Request for `ConfirmationValidator`,29,31,AbhayAysola,2000,FALSE,8928526805de48e4bf2ed2a9b4b839e6b2603018ecdfbf4cffdb2065e01a3ed1
thenewboston-js,[Task] Refactor Account Class Construction,19,21,sno2,2000,FALSE,d84543947090d300910f8d1b9604c0c0a56fafca6cfbe52511c1e31757188bca
thenewboston-js,[Task] Implement Update Account Method for `Bank`,14,20,AbhayAysola,3000,FALSE,8928526805de48e4bf2ed2a9b4b839e6b2603018ecdfbf4cffdb2065e01a3ed1
thenewboston-js,Fix the minified Browserify file,48,45,AbhayAysola,1000,FALSE,8928526805de48e4bf2ed2a9b4b839e6b2603018ecdfbf4cffdb2065e01a3ed1
thenewboston-js,Updated some documentation,49,46,Meharban-Singh,500,FALSE,7cf697f279eefb10653addd2dac9976b596942ae5f8095a6f5f6693b025ee750
Website,Download button weird behaviour,1055,1115,SirDaev,500,FALSE,e5c2ff3c4f6886fd7cd87002d83c6aabe48e585ce38026c0df6ea7c517e0f7a4
Website,Add additional logos to Assets page,1073,1113,leelatanniru,500,FALSE,c487afb017b9a52c5bd2e0ad889060056b85b64b0b8ee71327d004cfd36a4ac4
Website,New Contributor,1083,1086,aayushi14,500,FALSE,100c627095785ab8a7ed04d548b53f4b0638c44b49c46aea6c003d7b06294881
Website,[Profile] Add team link,1109,1104,jamessspanggg,1000,FALSE,c54c04774efaae20746fd3f29cdd619fea512e119bc1082b863572b2e8844104
Website,New Contributor,1085,1090,jamessspanggg,500,FALSE,c54c04774efaae20746fd3f29cdd619fea512e119bc1082b863572b2e8844104
Website,Update Docs for Confirmation Validator - Connection Requests,974,1026,DucPhamTV,1000,FALSE,ec5aa47719460ee5bcd16ab3cfe94c521d702eb9fc7d80f603762c23014f8ab8
Website,Job Description,1084,1087,aayushi14,500,FALSE,100c627095785ab8a7ed04d548b53f4b0638c44b49c46aea6c003d7b06294881
Website,Update Docs for Bank - Connection Requests,958,1026,DucPhamTV,1000,FALSE,ec5aa47719460ee5bcd16ab3cfe94c521d702eb9fc7d80f603762c23014f8ab8
Website,Update Docs for Primary Validator - Connection Requests,967,1026,DucPhamTV,1000,FALSE,ec5aa47719460ee5bcd16ab3cfe94c521d702eb9fc7d80f603762c23014f8ab8
Website,"Put ""Hello World"" in your OWN language!",351,1126,tomijaga,500,FALSE,8de30226230c35bbc1ce4a63c62a7b9c86bf0ce21fc7bc1a984b7884a9f88782
Website,Need to add discord to website,1111,1110,mrbusysky,1000,FALSE,fe06754d2dbf23509e975809e9023b620509c1e6618472f16c9659f59e940337
Website,Update the Project Proposals section,1116,1117,manishram,500,FALSE,0f92e975101eb96cea80dce430d74efd3172fa229377818d467ded85dcf2ab6c
Kotlin-SDK,Implement POST request for invalid block in Banks API,64,87,petersommerhoff,2000,FALSE,2c9a538d3952a780ba65ee5a672e9ae4b415f542ab265e9517687b25ae4897aa
Kotlin-SDK,Implement PATCH request for Account in Banks API,65,74,petersommerhoff,2000,FALSE,2c9a538d3952a780ba65ee5a672e9ae4b415f542ab265e9517687b25ae4897aa
Kotlin-SDK,Implement GET request for invalid blocks in Banks API,63,75,nishp77,2000,FALSE,c81061eb20ee1379ab98b6f5a125ebd0955278e36513eabd8d319967bb61d7e8
Kotlin-SDK,Implement PATCH request for Banks in Banks API,66,78,IanArb,2000,FALSE,d0ea7f5716c36ffa0300aa64424bb9dcdd7b9c6644577187309b67590e7dce55
thenewboston-js,[Task] Create `Validator` Documentation,25,43,CNFloss,7500,FALSE,57c10f3554872103c9b91e481347c2522dd5a13757831a51b12180c09e2e50ce
Website,Mobile menu dropdown shifts things around,1129,1130,jamessspanggg,500,FALSE,c54c04774efaae20746fd3f29cdd619fea512e119bc1082b863572b2e8844104
Website,Update Docs for Bank - Confirmation Blocks,956,980,VincentHch,1000,FALSE,aaf42054f84c66586bf29d446188347ab910112cb60b775a4d6feadd5b9ae73f
Website,Update Docs for Bank - Invalid Blocks,957,981,VincentHch,1000,FALSE,aaf42054f84c66586bf29d446188347ab910112cb60b775a4d6feadd5b9ae73f
Website,Mobile drop-down menu blocking logo & icon during animation,582,1118,SirDaev,1000,FALSE,e5c2ff3c4f6886fd7cd87002d83c6aabe48e585ce38026c0df6ea7c517e0f7a4
Website,Add Twitch link to Social Media page,1131,1132,jamessspanggg,500,FALSE,c54c04774efaae20746fd3f29cdd619fea512e119bc1082b863572b2e8844104
thenewboston-js,Implement Payment Handler,51,50,sno2,3000,FALSE,d84543947090d300910f8d1b9604c0c0a56fafca6cfbe52511c1e31757188bca
thenewboston-js,Implemented post request for bank blocks under primary-validator ,47,54,nishp77,2500,FALSE,c81061eb20ee1379ab98b6f5a125ebd0955278e36513eabd8d319967bb61d7e8
Validator,Write test for class ConfirmationBlockHistory to cover creation of block history,108,130,DucPhamTV,1000,FALSE,ec5aa47719460ee5bcd16ab3cfe94c521d702eb9fc7d80f603762c23014f8ab8
Validator,Write a test for function add_block_to_queue to add block to the queue,114,127,DucPhamTV,1000,FALSE,ec5aa47719460ee5bcd16ab3cfe94c521d702eb9fc7d80f603762c23014f8ab8
Validator,Write a test for function head_block_hash_view() queued_confirmation_blocks_view() and valid_confirmation_blocks_view(),105,126,DucPhamTV,1000,FALSE,ec5aa47719460ee5bcd16ab3cfe94c521d702eb9fc7d80f603762c23014f8ab8
Validator,Write a test for function block_chain_view() and block_queue_view(),104,126,DucPhamTV,1000,FALSE,ec5aa47719460ee5bcd16ab3cfe94c521d702eb9fc7d80f603762c23014f8ab8
Validator,Create a test to create a bank using post method,102,126,DucPhamTV,1000,FALSE,ec5aa47719460ee5bcd16ab3cfe94c521d702eb9fc7d80f603762c23014f8ab8
Validator,Write test for class ConnectionRequestView to cover creation of connection request,107,129,DucPhamTV,1000,FALSE,ec5aa47719460ee5bcd16ab3cfe94c521d702eb9fc7d80f603762c23014f8ab8
Validator,Write a test for class ValidatorViewSet using post method and get method,106,127,DucPhamTV,1000,FALSE,ec5aa47719460ee5bcd16ab3cfe94c521d702eb9fc7d80f603762c23014f8ab8
Validator,Write test to validate primary validator and node type,109,129,DucPhamTV,2000,FALSE,ec5aa47719460ee5bcd16ab3cfe94c521d702eb9fc7d80f603762c23014f8ab8
Validator,Write a test to verify bank creation and confirmation validator creation using connection_requests url,115,129,DucPhamTV,2000,FALSE,ec5aa47719460ee5bcd16ab3cfe94c521d702eb9fc7d80f603762c23014f8ab8
Validator,Write a test to verify the validator's connection to itself should fail with 400 status,116,129,DucPhamTV,1000,FALSE,ec5aa47719460ee5bcd16ab3cfe94c521d702eb9fc7d80f603762c23014f8ab8
Validator,Write a test to verify the validator's connection to the existing bank and validator which should return 400 status,117,129,DucPhamTV,2000,FALSE,ec5aa47719460ee5bcd16ab3cfe94c521d702eb9fc7d80f603762c23014f8ab8
Validator,Write a test to validate existing bank and validator using connection request,118,129,DucPhamTV,2000,FALSE,ec5aa47719460ee5bcd16ab3cfe94c521d702eb9fc7d80f603762c23014f8ab8
Validator,Write a test to validate existing bank and validator using node identifier,119,129,DucPhamTV,2000,FALSE,ec5aa47719460ee5bcd16ab3cfe94c521d702eb9fc7d80f603762c23014f8ab8
Validator,Write a test to cover invalid request from primary identifier from connection request,120,129,DucPhamTV,1000,FALSE,ec5aa47719460ee5bcd16ab3cfe94c521d702eb9fc7d80f603762c23014f8ab8
Validator,Write a test to cover invalid node type from connection requests,121,129,DucPhamTV,1000,FALSE,ec5aa47719460ee5bcd16ab3cfe94c521d702eb9fc7d80f603762c23014f8ab8
Validator,Write a test to verify that primary validator field is required in connect request,122,129,DucPhamTV,1000,FALSE,ec5aa47719460ee5bcd16ab3cfe94c521d702eb9fc7d80f603762c23014f8ab8
Website,Top contributors not showing in README,1147,1148,jamessspanggg,250,FALSE,c54c04774efaae20746fd3f29cdd619fea512e119bc1082b863572b2e8844104
Website,Sharing website link with hash param does not snap to correct position,1127,1141,jamessspanggg,1000,FALSE,c54c04774efaae20746fd3f29cdd619fea512e119bc1082b863572b2e8844104
Website,New Contributor,1139,1140,Rajputusman,500,FALSE,86cbaa1e021cc7d21ceedefc493051004c5ffffbc09a4ecd25e3a8dc49975d3e
Kotlin-SDK,Implement POST request for Blocks in Banks API,62,90,nishp77,2000,FALSE,c81061eb20ee1379ab98b6f5a125ebd0955278e36513eabd8d319967bb61d7e8
Kotlin-SDK,Implement GET confirmation services Bank API,81,91,IanArb,2000,FALSE,d0ea7f5716c36ffa0300aa64424bb9dcdd7b9c6644577187309b67590e7dce55
Kotlin-SDK,Replace all uses of BankTrustResponse with Bank,79,89,tomijaga,1000,FALSE,8de30226230c35bbc1ce4a63c62a7b9c86bf0ce21fc7bc1a984b7884a9f88782
Kotlin-SDK,Implement POST confirmation services Bank API,82,99,IanArb,2000,FALSE,d0ea7f5716c36ffa0300aa64424bb9dcdd7b9c6644577187309b67590e7dce55
Kotlin-SDK,Implement POST upgrade notice Bank API,83,100,IanArb,2000,FALSE,d0ea7f5716c36ffa0300aa64424bb9dcdd7b9c6644577187309b67590e7dce55
Website,Redux implementation,1080,1122,Hristijan95,10000,FALSE,1002530d2ef3da6207c5a5070d427984a8508a715ce18afb07f394aa47d73751
Website,Prepare the top navigation for user profile,1061,1100,amarjeet987,2000,FALSE,f967bd5b2f846bc74cf7e7512fb0fab8ce7188a1e28cd9db2c6c77b42467ca10
Website,Update Docs for Confirmation Validator - Primary Validator Updated,975,1150,wajeehmisbahkhan,1000,FALSE,0aa90229f367302ee92a072290af4527aa067c3d431234cc352b8599e0762803
Website,Slack link on homepage no longer active,1152,1155,singh-sarabjeet,500,TRUE,c5778aee3cfd83c2088ae81c178c3d34931399f20c1492c33044d8cd85e21898
Website,Update Docs for Bank - Validator Confirmation Services,959,1134,DucPhamTV,1000,FALSE,ec5aa47719460ee5bcd16ab3cfe94c521d702eb9fc7d80f603762c23014f8ab8
Website,Update the team pages,1013,1138,thesanjeevsharma,10000,FALSE,644cdaf382c1f711fb05fb4328409a62713ecc7a3e83fa07427cc3539a8a23ac
Website,Update Docs for Primary Validator - Bank Blocks,963,1146,DucPhamTV,1000,FALSE,ec5aa47719460ee5bcd16ab3cfe94c521d702eb9fc7d80f603762c23014f8ab8
thenewboston-js,[Task] Create `PrimaryValidator` Documentation,27,55,AbhayAysola,5000,FALSE,8928526805de48e4bf2ed2a9b4b839e6b2603018ecdfbf4cffdb2065e01a3ed1
Kotlin-SDK,Implement GET request for Clean in Bank API,94,103,nishp77,2000,FALSE,c81061eb20ee1379ab98b6f5a125ebd0955278e36513eabd8d319967bb61d7e8
Kotlin-SDK,Implement GET request for Crawl in Bank API,96,105,nishp77,2000,FALSE,c81061eb20ee1379ab98b6f5a125ebd0955278e36513eabd8d319967bb61d7e8
Kotlin-SDK,Implement POST request for Clean in Bank API,95,104,nishp77,2000,FALSE,c81061eb20ee1379ab98b6f5a125ebd0955278e36513eabd8d319967bb61d7e8
Kotlin-SDK,Implement POST connection request Bank API,80,106,IanArb,2000,FALSE,d0ea7f5716c36ffa0300aa64424bb9dcdd7b9c6644577187309b67590e7dce55
Design,Coins inspiring meme infographic,93,,dhakal0kushal,1000,FALSE,22d0f0047b572a6acb6615f7aae646b0b96ddc58bfd54ed2775f885baeba3d6a
Design,Promoting our Project proposal task,104,,mrbusysky,2000,FALSE,fe06754d2dbf23509e975809e9023b620509c1e6618472f16c9659f59e940337
Design,Logo designs for apparel/stickers,92,,Toledit,10000,FALSE,c2c867ba352e754ab17d228871105edfcc1c0d33f32f57ff76823055041b417a
Website,Teams Section repository name duplicated,1174,1175,jamessspanggg,500,FALSE,c54c04774efaae20746fd3f29cdd619fea512e119bc1082b863572b2e8844104
Website,New Contributor,1166,1173,singh-sarabjeet,500,FALSE,c5778aee3cfd83c2088ae81c178c3d34931399f20c1492c33044d8cd85e21898
Website,New Contributor,1162,1172,singh-sarabjeet,500,FALSE,c5778aee3cfd83c2088ae81c178c3d34931399f20c1492c33044d8cd85e21898
Website,Remove Contributor,1163,1164,singh-sarabjeet,500,FALSE,c5778aee3cfd83c2088ae81c178c3d34931399f20c1492c33044d8cd85e21898
Website,Auth forms: unable to click on submit button after filling all inputs correctly,1168,1169,jamessspanggg,1000,TRUE,c54c04774efaae20746fd3f29cdd619fea512e119bc1082b863572b2e8844104
Website,"[Accessibility] Add `autocomplete` attributes for `type=""password""` input fields",1165,1167,jamessspanggg,500,TRUE,c54c04774efaae20746fd3f29cdd619fea512e119bc1082b863572b2e8844104
Website,Add Francis Polignano as a contributer,1156,1171,singh-sarabjeet,500,FALSE,c5778aee3cfd83c2088ae81c178c3d34931399f20c1492c33044d8cd85e21898
Website,New Contributor - Aathil Ahamed,1188,1206,Paul-Taiwo,500,FALSE,c6bc0d956d668ed2464684b352226f4df1f86ed213783ba82a97a2fe38252761
Website,New Contributor - Tristan Spearing,1186,1203,Paul-Taiwo,500,FALSE,c6bc0d956d668ed2464684b352226f4df1f86ed213783ba82a97a2fe38252761
Website,New Contributor - Tomiwa,1187,1202,Paul-Taiwo,500,FALSE,c6bc0d956d668ed2464684b352226f4df1f86ed213783ba82a97a2fe38252761
Website,Add title on some pages,626,654,Paul-Taiwo,2000,FALSE,c6bc0d956d668ed2464684b352226f4df1f86ed213783ba82a97a2fe38252761
Website,[Leaderboard] Mismatch of issue for tasks completed,1200,1205,jroberts91,250,FALSE,074be4e8c84f3598994c7fbed6d160b2dd6bf8ad0ff21075eca6663e001062c8
Website,Remove Contributor from Teams page,1207,1209,jroberts91,500,FALSE,074be4e8c84f3598994c7fbed6d160b2dd6bf8ad0ff21075eca6663e001062c8
Website,Standardize query param component,1195,1196,jamessspanggg,2000,FALSE,c54c04774efaae20746fd3f29cdd619fea512e119bc1082b863572b2e8844104
Website,New Contributor,1197,1211,Paul-Taiwo,500,FALSE,c6bc0d956d668ed2464684b352226f4df1f86ed213783ba82a97a2fe38252761
Website,Job Listing Removal,1215,1218,Rajputusman,500,FALSE,86cbaa1e021cc7d21ceedefc493051004c5ffffbc09a4ecd25e3a8dc49975d3e
Website,Left part of TopNav has a undesired white bg color,1217,1220,jroberts91,250,FALSE,074be4e8c84f3598994c7fbed6d160b2dd6bf8ad0ff21075eca6663e001062c8
Website,Remove Contributor,1221,1222,Rajputusman,500,FALSE,86cbaa1e021cc7d21ceedefc493051004c5ffffbc09a4ecd25e3a8dc49975d3e
Kotlin-SDK,Implement Pagination for GET endpoints in Bank API,98,111,tomijaga,5000,FALSE,8de30226230c35bbc1ce4a63c62a7b9c86bf0ce21fc7bc1a984b7884a9f88782
Kotlin-SDK,Implement POST request for Crawl in Bank API,97,109,nishp77,2000,FALSE,c81061eb20ee1379ab98b6f5a125ebd0955278e36513eabd8d319967bb61d7e8
Kotlin-SDK,Implement GET request for Config in Primary Validator API,117,121,tomijaga,2000,FALSE,8de30226230c35bbc1ce4a63c62a7b9c86bf0ce21fc7bc1a984b7884a9f88782
Website,Mobile drop down icon not clickable,1179,1190,AkinAguda,1000,TRUE,431f89d714dc2d748c899b14c725a52c2b5560c2b8e2bb2bb691f41a155c3a2e
Website,Remove Contributor from Teams Page,1210,1213,Rajputusman,500,FALSE,86cbaa1e021cc7d21ceedefc493051004c5ffffbc09a4ecd25e3a8dc49975d3e
Website,Move me as Marketing Lead,1233,1236,Rajputusman,250,FALSE,86cbaa1e021cc7d21ceedefc493051004c5ffffbc09a4ecd25e3a8dc49975d3e
Website,update discord social link with new custom link,1247,1246,dhakal0kushal,250,FALSE,22d0f0047b572a6acb6615f7aae646b0b96ddc58bfd54ed2775f885baeba3d6a
Website,New Contributor,1231,1232,Rajputusman,500,FALSE,86cbaa1e021cc7d21ceedefc493051004c5ffffbc09a4ecd25e3a8dc49975d3e
Website,New Contributor,1144,1145,Rajputusman,500,FALSE,86cbaa1e021cc7d21ceedefc493051004c5ffffbc09a4ecd25e3a8dc49975d3e
Website,New Contributor,1237,1242,Rajputusman,500,FALSE,86cbaa1e021cc7d21ceedefc493051004c5ffffbc09a4ecd25e3a8dc49975d3e
Website,New Contributor,1238,1243,Rajputusman,500,FALSE,86cbaa1e021cc7d21ceedefc493051004c5ffffbc09a4ecd25e3a8dc49975d3e
Design,Coins Memes Infographic (includes 3),92,,dhakal0kushal,3000,FALSE,22d0f0047b572a6acb6615f7aae646b0b96ddc58bfd54ed2775f885baeba3d6a
Design,Update Bank OVERVIEW & Purchase Confirmation Service ModaL,120,,kristykjlee,5000,FALSE,a2d73cf3b37a62276ade44a96860495510d0e7d7c468950d4e49ac8a62b3d31d
Website,Remove Contributor,1300,1303,thesanjeevsharma,250,FALSE,644cdaf382c1f711fb05fb4328409a62713ecc7a3e83fa07427cc3539a8a23ac
Website,New Contributor,1276,1295,AmrOuf,250,FALSE,f74ee3c567dd058fe9fdc85fc59273cc0ccd78c7842f1030b5f0a7a976692c72
Website,New Contributor,1288,1291,dhakal0kushal,250,FALSE,22d0f0047b572a6acb6615f7aae646b0b96ddc58bfd54ed2775f885baeba3d6a
Website,"Put ""Hello World"" in your OWN language!",351,1158,gsonly,500,FALSE,6c215dd79f10c6d0cd59ff69500f0e6acf7c66d2aa4679dfc45e169687bac117
Website,Add Project's openings to the website,1270,1275,AbhayAysola,2000,FALSE,8928526805de48e4bf2ed2a9b4b839e6b2603018ecdfbf4cffdb2065e01a3ed1
Website,Hiring,1257,1258,aayushi14,250,FALSE,100c627095785ab8a7ed04d548b53f4b0638c44b49c46aea6c003d7b06294881
Website,New Contributor,1261,1285,dhakal0kushal,250,FALSE,22d0f0047b572a6acb6615f7aae646b0b96ddc58bfd54ed2775f885baeba3d6a
Website,Update twitter social link and added instagram social link,1263,1262,bossajie,500,FALSE,6954f2a530185bc6a0f100dbd8cf2b176fd2273b1697a613130d8f261f2d7590
Website,Add link to blog on website,1283,1284,jamessspanggg,2000,FALSE,c54c04774efaae20746fd3f29cdd619fea512e119bc1082b863572b2e8844104
Website,New Contributor,1273,1285,dhakal0kushal,250,FALSE,22d0f0047b572a6acb6615f7aae646b0b96ddc58bfd54ed2775f885baeba3d6a
Website,New Contributor,1280,1285,dhakal0kushal,250,FALSE,22d0f0047b572a6acb6615f7aae646b0b96ddc58bfd54ed2775f885baeba3d6a
Website,New Contributor,1281,1285,dhakal0kushal,250,FALSE,22d0f0047b572a6acb6615f7aae646b0b96ddc58bfd54ed2775f885baeba3d6a
Website,Update /guide/blocks table,1240,1317,AmrOuf,250,FALSE,f74ee3c567dd058fe9fdc85fc59273cc0ccd78c7842f1030b5f0a7a976692c72
Website,Add governance documentation to website,1289,1296,gsonly,5000,FALSE,6c215dd79f10c6d0cd59ff69500f0e6acf7c66d2aa4679dfc45e169687bac117
Website,New Contributor,1307,1308,dhakal0kushal,250,FALSE,22d0f0047b572a6acb6615f7aae646b0b96ddc58bfd54ed2775f885baeba3d6a
Website,Remove job openings,1310,1315,AmrOuf,250,FALSE,f74ee3c567dd058fe9fdc85fc59273cc0ccd78c7842f1030b5f0a7a976692c72
Website,Add a new job opening,1274,1323,thesanjeevsharma,500,FALSE,644cdaf382c1f711fb05fb4328409a62713ecc7a3e83fa07427cc3539a8a23ac
Website,New Contributor,1319,1322,aayushi14,250,FALSE,100c627095785ab8a7ed04d548b53f4b0638c44b49c46aea6c003d7b06294881
Website,Remove team member from Teams Page,1297,1305,achalpatel,1000,FALSE,3916866c24a8bdded1068a691b60e7dc2dca0bc68de7252d74e4816b1e56efac
Kotlin-SDK,Implement GET requests for Validators for Primary Validator API,119,122,tomijaga,2500,FALSE,8de30226230c35bbc1ce4a63c62a7b9c86bf0ce21fc7bc1a984b7884a9f88782
Kotlin-SDK,Implement GET request for Banks for Primary Validator API,118,123,tomijaga,2500,FALSE,8de30226230c35bbc1ce4a63c62a7b9c86bf0ce21fc7bc1a984b7884a9f88782
Kotlin-SDK,Implement GET request for Accounts in Primary Validator API,114,124,tomijaga,2500,FALSE,8de30226230c35bbc1ce4a63c62a7b9c86bf0ce21fc7bc1a984b7884a9f88782
Kotlin-SDK,Implement GET request for confirmation blocks in Primary Validator API,116,125,IanArb,2000,FALSE,d0ea7f5716c36ffa0300aa64424bb9dcdd7b9c6644577187309b67590e7dce55
Kotlin-SDK,Implement POST request for Connection Requests for Primary Validator API,120,126,IanArb,2000,FALSE,d0ea7f5716c36ffa0300aa64424bb9dcdd7b9c6644577187309b67590e7dce55
Kotlin-SDK,Implement GET requests for Accounts endpoint in Confirmation Validator API,127,141,IanArb,2500,FALSE,d0ea7f5716c36ffa0300aa64424bb9dcdd7b9c6644577187309b67590e7dce55
Kotlin-SDK,Implement POST request for Bank Blocks in Primary Validator API,115,142,tomijaga,2000,FALSE,8de30226230c35bbc1ce4a63c62a7b9c86bf0ce21fc7bc1a984b7884a9f88782
Kotlin-SDK,Implement GET request for Config endpoint in Confirmation Validator API,132,143,tomijaga,2000,FALSE,8de30226230c35bbc1ce4a63c62a7b9c86bf0ce21fc7bc1a984b7884a9f88782
Kotlin-SDK,Implement GET clean endpoint in Confirmation Validator API,130,145,nishp77,2000,FALSE,c81061eb20ee1379ab98b6f5a125ebd0955278e36513eabd8d319967bb61d7e8
Kotlin-SDK,Implement POST request for clean endpoint in Confirmation Validator API,131,146,nishp77,2000,FALSE,c81061eb20ee1379ab98b6f5a125ebd0955278e36513eabd8d319967bb61d7e8
Kotlin-SDK,Implement GET requests for Confirmation Blocks endpoint in Confirmation Validator API,133,147,tomijaga,2000,FALSE,8de30226230c35bbc1ce4a63c62a7b9c86bf0ce21fc7bc1a984b7884a9f88782
Website,Front End Developer (thenewboston blog),1330,1331,dhakal0kushal,500,FALSE,22d0f0047b572a6acb6615f7aae646b0b96ddc58bfd54ed2775f885baeba3d6a
Website,Change Role in Marketing Team,1327,1331,dhakal0kushal,250,FALSE,22d0f0047b572a6acb6615f7aae646b0b96ddc58bfd54ed2775f885baeba3d6a
Website,Move Martin in Marketing Team,1328,1331,dhakal0kushal,250,FALSE,22d0f0047b572a6acb6615f7aae646b0b96ddc58bfd54ed2775f885baeba3d6a
Website,UNIT TESTS - components/shadow,1372,1384,AbhayAysola,250,FALSE,8928526805de48e4bf2ed2a9b4b839e6b2603018ecdfbf4cffdb2065e01a3ed1
Website,UNIT TESTS - components/TotalAmount,1382,1395,denistsoi,1000,FALSE,baa336bca22c7590256a86c002e4dbe6c1f1c1f6c0a0fd3f0681eecb2cad0787
Website,UNIT TESTS - components/SlideUp,1373,1383,PatNeedham,1000,FALSE,cea8aeb6de519c49ef39a2df3e578ecbb8277cb2284500d97c1ad219dada5a4e
Website,New Contributor,1239,1244,Rajputusman,500,FALSE,86cbaa1e021cc7d21ceedefc493051004c5ffffbc09a4ecd25e3a8dc49975d3e
Website,New Contributor,1245,1248,Rajputusman,500,FALSE,86cbaa1e021cc7d21ceedefc493051004c5ffffbc09a4ecd25e3a8dc49975d3e
Website,UNIT TESTS - components/Avatar,1334,1385,thesanjeevsharma,5000,FALSE,644cdaf382c1f711fb05fb4328409a62713ecc7a3e83fa07427cc3539a8a23ac
Website,New Contributor,1225,1226,aayushi14,500,FALSE,100c627095785ab8a7ed04d548b53f4b0638c44b49c46aea6c003d7b06294881
Website,New Contributor - Requested to get back on team,1256,1324,thesanjeevsharma,250,FALSE,644cdaf382c1f711fb05fb4328409a62713ecc7a3e83fa07427cc3539a8a23ac
Website,Lead Backend Developer opening for Blockchain Explorer,1389,1407,aayushi14,250,FALSE,100c627095785ab8a7ed04d548b53f4b0638c44b49c46aea6c003d7b06294881
Website,UNIT TESTS - components/AuthContainer,1333,1406,jamessspanggg,500,FALSE,c54c04774efaae20746fd3f29cdd619fea512e119bc1082b863572b2e8844104
Website,UNIT TESTS - components/EmptyPage,1352,1391,tomijaga,250,FALSE,8de30226230c35bbc1ce4a63c62a7b9c86bf0ce21fc7bc1a984b7884a9f88782
Website,UNIT TESTS - components/StepIndicator,1375,1403,jamessspanggg,500,FALSE,c54c04774efaae20746fd3f29cdd619fea512e119bc1082b863572b2e8844104
Website,UNIT TESTS - components/RequiredAsterisk,1371,1390,tomijaga,250,FALSE,8de30226230c35bbc1ce4a63c62a7b9c86bf0ce21fc7bc1a984b7884a9f88782
Website,UNIT TESTS - components/MarketingButton,1362,1405,denistsoi,1000,FALSE,baa336bca22c7590256a86c002e4dbe6c1f1c1f6c0a0fd3f0681eecb2cad0787
Website,UNIT TESTS - components/DocWrapper/DocSubSection,1350,1413,tomijaga,2000,FALSE,8de30226230c35bbc1ce4a63c62a7b9c86bf0ce21fc7bc1a984b7884a9f88782
Website,UNIT TESTS - components/HashLink,1357,1413,tomijaga,500,FALSE,8de30226230c35bbc1ce4a63c62a7b9c86bf0ce21fc7bc1a984b7884a9f88782
Website,UNIT TESTS - components/MarketingCard,1363,1412,thesanjeevsharma,2500,FALSE,644cdaf382c1f711fb05fb4328409a62713ecc7a3e83fa07427cc3539a8a23ac
Website,UNIT TESTS - components/SocialMediaIcon,1374,1402,denistsoi,500,FALSE,baa336bca22c7590256a86c002e4dbe6c1f1c1f6c0a0fd3f0681eecb2cad0787
Validator,Set daily_confirmation_rate on initialize_validator,55,131,DucPhamTV,5000,FALSE,ec5aa47719460ee5bcd16ab3cfe94c521d702eb9fc7d80f603762c23014f8ab8
Kotlin-SDK,Implement GET request for Crawl endpoint in Confirmation Validator API,136,148,nishp77,2000,FALSE,c81061eb20ee1379ab98b6f5a125ebd0955278e36513eabd8d319967bb61d7e8
Kotlin-SDK,Implement GET requests in validators endpoint in Confirmation Validator API,140,149,tomijaga,2500,FALSE,8de30226230c35bbc1ce4a63c62a7b9c86bf0ce21fc7bc1a984b7884a9f88782
Kotlin-SDK,Implement POST request for confirmation blocks endpoint in Confirmation Validator API,134,150,tomijaga,2000,FALSE,8de30226230c35bbc1ce4a63c62a7b9c86bf0ce21fc7bc1a984b7884a9f88782
Kotlin-SDK,Implement POST request for Crawl endpoint in Confirmation Validator API,137,151,nishp77,2000,FALSE,c81061eb20ee1379ab98b6f5a125ebd0955278e36513eabd8d319967bb61d7e8
Kotlin-SDK,Implement GET request for Confirmation Services endpoint in Confirmation Validator API,128,152,tomijaga,2000,FALSE,8de30226230c35bbc1ce4a63c62a7b9c86bf0ce21fc7bc1a984b7884a9f88782
Kotlin-SDK,Implement POST request for Connection Requests in Confirmation Validator API,135,153,tomijaga,2000,FALSE,8de30226230c35bbc1ce4a63c62a7b9c86bf0ce21fc7bc1a984b7884a9f88782
Website,UNIT TESTS - components/QueryParams/QueryParamsOffsetAndLimit,1370,1432,jamessspanggg,500,FALSE,c54c04774efaae20746fd3f29cdd619fea512e119bc1082b863572b2e8844104
Website,UNIT TESTS - components/CodeSnipper/BaseCodeSnippet,1336,1431,jamessspanggg,2500,FALSE,c54c04774efaae20746fd3f29cdd619fea512e119bc1082b863572b2e8844104
Website,UNIT TESTS - components/Table/TableParams,1377,1427,denistsoi,2500,FALSE,baa336bca22c7590256a86c002e4dbe6c1f1c1f6c0a0fd3f0681eecb2cad0787
Website,UNIT TESTS - components/ContributorTasks,1339,1400,tomijaga,2000,FALSE,8de30226230c35bbc1ce4a63c62a7b9c86bf0ce21fc7bc1a984b7884a9f88782
Website,UNIT TESTS - components/LabelFilter,1359,1426,jamessspanggg,2000,FALSE,c54c04774efaae20746fd3f29cdd619fea512e119bc1082b863572b2e8844104
Website,UNIT TESTS - components/TimeFilter,1380,1424,jamessspanggg,1000,FALSE,c54c04774efaae20746fd3f29cdd619fea512e119bc1082b863572b2e8844104
Website,Remove Contributor from teams page,1418,1425,IvanDanilov66,250,FALSE,b1b1e90107d804e5317c8527129ceaededdcb162a6737112b88712742a08bb72
Website,UNIT TESTS - components/PageTitle,1366,1420,denistsoi,250,FALSE,baa336bca22c7590256a86c002e4dbe6c1f1c1f6c0a0fd3f0681eecb2cad0787
Website,UNIT TESTS - components/Loader,1361,1419,denistsoi,250,FALSE,baa336bca22c7590256a86c002e4dbe6c1f1c1f6c0a0fd3f0681eecb2cad0787
Website,UNIT TESTS - components/DocWrapper/DocList,1348,1401,tomijaga,1000,FALSE,8de30226230c35bbc1ce4a63c62a7b9c86bf0ce21fc7bc1a984b7884a9f88782
Website,UNIT TESTS - components/Footer/index.tsx,1355,1416,denistsoi,2000,FALSE,baa336bca22c7590256a86c002e4dbe6c1f1c1f6c0a0fd3f0681eecb2cad0787
Website,UNIT TESTS - components/Toast,1381,1398,AbhayAysola,1000,FALSE,8928526805de48e4bf2ed2a9b4b839e6b2603018ecdfbf4cffdb2065e01a3ed1
Website,UNIT TESTS - components/Footer/FooterNavList,1354,1415,denistsoi,2000,FALSE,baa336bca22c7590256a86c002e4dbe6c1f1c1f6c0a0fd3f0681eecb2cad0787
Website,Leaderboard completed tasks alignment issue,1299,1417,jamessspanggg,1000,TRUE,c54c04774efaae20746fd3f29cdd619fea512e119bc1082b863572b2e8844104
